Pentamer,MGW,ProT,Roll1,Roll2,HelT1,HelT2,Stretch,Tilt1,Tilt2,Buckle,Shear,Opening,Rise1,Rise2,Shift1,Shift2,Stagger,Slide1,Slide2,EP
AAAAA,3.38,-16.51,-5.05,-5.09,37.74,38.01,0.03,-0.05,-0.2,1.01,0.02,-3.71,3.25,3.25,-0.08,-0.02,-0.22,-0.97,-0.99,-10.1
AAAAC,4.05,-14.47,-3.62,-4.8,37.13,36.95,-0.01,0.5,0.63,-2.85,-0.06,-1.9,3.21,3.19,0.03,-0.06,-0.06,-1.01,-1.11,-8.97
AAAAG,3.68,-14.68,-4.23,-6.47,37.02,37.18,0.01,0.64,1.13,-4.77,-0.11,-2.3,3.23,3.24,0.07,-0.14,-0.13,-1.05,-1.23,-10.39
AAAAT,3.63,-14.89,-3.56,-5.12,36.93,37.68,-0.01,-0.07,-0.05,0.41,0.01,-2.05,3.24,3.31,-0.01,0,-0.1,-1.08,-1.22,-10.8
AAACA,4.65,-13.05,-2.98,-2.89,36.59,35.22,-0.01,0.82,-0.04,-4.68,-0.06,-1.3,3.14,3.42,-0.01,-0.21,0.13,-1.06,-1.54,-8.05
AAACC,4.06,-12.41,-3.75,-4.65,36.34,36.2,0,1.1,-0.06,-8.76,-0.12,-0.58,3.17,3.51,-0.06,-0.35,0.09,-1.13,-1.63,-9.12
AAACG,4.43,-13.15,-2.94,-3.27,36.57,35.48,-0.01,0.41,-0.03,-2.82,-0.04,-0.89,3.15,3.43,0,-0.11,0.12,-1.07,-1.53,-8.27
AAACT,3.85,-12.78,-4.3,-5.49,35.86,36.86,0,0.4,0.81,-3.65,-0.07,-0.79,3.17,3.59,-0.11,-0.14,0.11,-1.18,-1.73,-9.29
AAAGA,4.02,-10.71,-4.76,-3.21,36.69,33.18,0,-1.46,-1.13,6.71,0.1,-0.96,3.19,3.53,0.08,0.24,0.1,-1.21,-1.76,-8.79
AAAGC,4.03,-10.58,-5.07,-3.95,36.56,32.81,0,0.29,0.35,-1.01,-0.02,-0.74,3.25,3.47,-0.06,-0.04,0.08,-1.24,-1.79,-8.76
AAAGG,4.05,-9.21,-4.8,-5.06,35.88,32.79,0.01,-0.76,-0.78,3.88,0.05,-0.41,3.16,3.5,0.06,0.18,0.12,-1.25,-1.87,-8.81
AAAGT,3.35,-11.68,-6.36,-4.78,36.93,33.88,0.02,0.62,0.61,-2.46,-0.06,-0.58,3.25,3.62,-0.06,-0.14,0.07,-1.24,-1.83,-11.84
AAATA,3.79,-12.63,-3.91,-6.42,37.22,33.85,-0.01,-0.16,0,-0.07,-0.01,-1.42,3.28,3.33,-0.03,0.02,-0.01,-1.2,-1.52,-8.51
AAATC,4.12,-12.27,-2.43,-5.36,36.55,33.42,-0.02,0.47,-0.22,-1.28,-0.04,-1.32,3.27,3.33,0.01,-0.05,-0.03,-1.22,-1.55,-8.76
AAATG,3.84,-11.76,-4.21,-7,36.86,33.42,-0.01,-0.33,0.21,1.45,0.03,-1.02,3.25,3.34,0.01,0.05,0,-1.22,-1.56,-9.42
AAATT,2.85,-14.95,-5,-8.57,37.52,35.11,-0.01,0.11,-0.01,-0.02,-0.01,-0.67,3.44,3.48,0,0.01,-0.1,-1.29,-1.64,-13.59
AACAA,4.97,-10.17,-2.29,6.26,34.6,35.64,-0.04,-0.1,-0.97,-4.62,-0.14,0.4,3.39,3.52,-0.29,0.25,0,-1.54,-1.25,-6.22
AACAC,5.05,-9.4,-2.42,4.19,34.68,35.07,-0.03,0.2,0.09,-1.33,-0.07,0.54,3.39,3.39,-0.08,0.13,0.03,-1.52,-1.32,-5.66
AACAG,4.95,-9.26,-2.4,5.23,34.88,34.91,-0.02,-0.19,0.28,3.41,0.13,0.73,3.4,3.46,0.21,-0.12,-0.01,-1.54,-1.49,-5.75
AACAT,4.3,-10.22,-3.23,5.76,35.12,35.94,-0.03,0.04,0.13,2.34,0.06,0.86,3.43,3.67,0.12,-0.08,-0.07,-1.55,-1.57,-6.1
AACCA,4.33,-8.86,-3.3,-0.59,35.26,34.89,-0.04,-0.2,0.47,-1.22,-0.05,0.46,3.44,3.49,-0.13,0.01,-0.03,-1.58,-1.76,-6.24
AACCC,4.03,-7.68,-4.18,-1.38,35.8,34.89,-0.03,-0.11,0.7,-2.63,-0.11,0.82,3.47,3.57,-0.2,0.03,-0.08,-1.61,-1.89,-6
AACCG,4.36,-7.97,-3.13,-0.65,35.23,34.48,-0.03,-0.06,-0.3,1.12,0.05,0.54,3.43,3.49,0.09,-0.04,-0.04,-1.58,-1.79,-5.76
AACCT,3.64,-8.15,-4.78,-2.23,35.92,35.61,-0.03,0.09,-1.91,4.92,0.23,0.83,3.49,3.66,0.36,-0.03,-0.1,-1.61,-1.93,-6.11
AACGA,4.8,-9.62,-2.49,5.41,34.71,33.66,-0.03,0.15,-0.08,7.21,0.24,0.76,3.38,3.58,0.4,-0.03,-0.07,-1.51,-1.66,-5.64
AACGC,4.64,-9.91,-2.93,4.64,35.06,33.41,-0.02,-0.11,0.27,-3.45,-0.11,0.88,3.4,3.56,-0.2,-0.02,-0.09,-1.53,-1.71,-5.56
AACGG,4.62,-10.04,-3.07,3.74,35.14,33.45,-0.02,0.3,-0.73,6.61,0.2,1.06,3.39,3.59,0.35,0.04,-0.1,-1.51,-1.75,-5.66
AACGT,4.21,-10.39,-3.43,5.64,35.24,34.53,-0.03,0.1,0.1,1.53,0.05,0.99,3.4,3.74,0.08,0.04,-0.13,-1.52,-1.77,-5.89
AACTA,4.24,-6.07,-4.24,-3.9,35.56,32.1,-0.02,-1.09,0.93,1.49,0.2,0.24,3.56,3.44,0.37,-0.26,0.08,-1.71,-1.75,-6.41
AACTC,3.95,-5.23,-4.38,-3.01,36.03,32.41,-0.03,0.78,-1.04,-1,-0.13,0.41,3.54,3.46,-0.22,0.11,0.07,-1.73,-1.8,-6.33
AACTG,4.49,-5.42,-3.28,-1.85,35.45,31.73,-0.03,-1.11,1.55,1.18,0.15,0.31,3.5,3.38,0.21,-0.13,0.09,-1.71,-1.72,-5.9
AAGAA,4.8,-3.46,-1.79,-0.63,32.3,36.52,-0.04,1.84,-2.56,-3.36,0.24,0.06,3.4,3.44,-0.22,0.29,0.12,-1.77,-1.51,-6.03
AAGAC,4.65,-3.82,-2.15,-2.37,32.56,36.4,-0.03,-0.65,0.51,0.95,-0.1,0.17,3.43,3.34,0.08,-0.09,0.12,-1.75,-1.51,-5.94
AAGAG,4.68,-3.22,-1.76,-1.36,32.31,35.92,-0.03,-1.56,1.33,2.33,-0.2,0.32,3.43,3.41,0.19,-0.09,0.09,-1.81,-1.66,-5.82
AAGAT,3.9,-3.55,-3.96,-3.29,32.88,37.56,-0.02,0.26,-0.14,0.09,0.02,0.39,3.58,3.52,-0.01,0.02,0.08,-1.84,-1.67,-6.56
AAGCA,4.61,-1.47,-3.05,-3.31,32.29,37.13,-0.02,1.49,-0.45,-2.77,0.18,0.32,3.37,3.46,-0.21,0,0.18,-1.76,-1.69,-5.99
AAGCC,4.17,-1.55,-3.7,-4.34,32.49,37.74,-0.02,-0.5,0.29,1.02,-0.06,0.43,3.46,3.51,0.09,0.02,0.14,-1.81,-1.71,-6.1
AAGCG,4.63,-1.91,-2.38,-2.72,32.27,37.15,-0.03,-1.91,0.94,3.75,-0.24,0.27,3.38,3.46,0.28,-0.01,0.17,-1.76,-1.65,-5.65
AAGCT,4.14,-1.56,-3.24,-4.35,32.14,38.05,-0.02,-0.86,-0.12,0.99,-0.13,0.37,3.44,3.56,0.17,-0.03,0.12,-1.83,-1.8,-6.03
AAGGA,4.31,-1.33,-3.38,-1.91,32.55,34.9,-0.02,-1.67,1.5,3.15,-0.2,0.31,3.41,3.55,0.24,0,0.18,-1.82,-1.86,-6.03
AAGGC,4.51,-1.5,-2.75,-2.62,32.34,34.57,-0.03,-1.84,1.1,2.91,-0.22,0.28,3.44,3.46,0.26,0.06,0.14,-1.83,-1.86,-5.64
AAGGG,4.42,-0.14,-3.37,-3.54,31.94,34.22,-0.01,-1.09,0.64,2.49,-0.14,0.48,3.37,3.5,0.18,0.06,0.16,-1.85,-1.94,-5.82
AAGGT,3.75,-1.48,-4.81,-3.27,32.53,35.68,-0.02,-0.73,0.4,0.51,-0.06,0.56,3.55,3.63,0.05,0.01,0.14,-1.91,-1.93,-6.44
AAGTA,4.03,-4.26,-3.52,-4.72,33.24,35.21,-0.02,0.9,-0.64,-0.07,0.12,0.27,3.52,3.43,-0.14,0.12,0.12,-1.82,-1.69,-6.34
AAGTC,3.74,-4.07,-4.01,-5.04,33.16,35.44,-0.02,0.83,-0.78,-0.01,0.11,0.41,3.55,3.5,-0.15,0.1,0.08,-1.85,-1.73,-6.55
AAGTG,4.14,-4.48,-2.79,-4.51,33.1,34.91,-0.03,-0.56,0.59,1.04,-0.06,0.28,3.51,3.45,0.07,-0.01,0.1,-1.83,-1.68,-6.18
AAGTT,3.34,-6.26,-3.62,-5.19,33.58,36.3,-0.03,0.89,-0.45,0.85,0.11,0.42,3.62,3.57,-0.15,0.21,0.06,-1.85,-1.76,-6.51
AATAA,5.53,-9.65,-3.91,8.21,32.44,34.83,-0.01,-0.04,-0.25,-1.44,0.02,-0.84,3.25,3.51,-0.03,0.03,-0.08,-1.53,-1.39,-7.48
AATAC,5.3,-10.45,-4.27,6.24,32.78,34.79,-0.01,0.09,0.04,0.47,-0.01,-0.67,3.28,3.38,0.03,0.03,-0.1,-1.53,-1.41,-7.43
AATAG,4.65,-11.61,-5.98,3.47,33.54,35.89,0.01,-0.16,0.19,-1.34,0.07,-1,3.3,3.4,-0.03,-0.07,-0.14,-1.48,-1.37,-7.51
AATAT,4.8,-10.43,-5.48,6.33,33.17,35.25,-0.01,-0.32,0.53,-3.79,0.09,-0.45,3.31,3.54,-0.11,0.02,-0.17,-1.59,-1.55,-7.65
AATCA,4.46,-9.91,-4.75,-1.08,33.01,36.14,-0.02,-0.2,0.34,-1.36,0.03,-0.39,3.3,3.42,-0.05,-0.08,-0.18,-1.54,-1.59,-8.06
AATCC,4.19,-9.67,-5.81,-0.9,33.31,36.57,-0.02,-0.25,0.41,-1.1,0.02,-0.06,3.33,3.46,-0.06,-0.05,-0.22,-1.57,-1.61,-8.4
AATCG,4.56,-9.51,-4.9,-0.8,32.89,36.19,-0.02,-0.3,0.6,-2.46,0.06,-0.49,3.29,3.38,-0.07,-0.12,-0.17,-1.54,-1.52,-7.97
AATCT,3.75,-10.31,-6.11,-2.71,33.3,37.53,-0.03,0.26,-0.21,0.36,0,0.47,3.33,3.62,0,0.01,-0.26,-1.55,-1.71,-9.5
AATGA,4.46,-9.02,-6.08,3.8,32.87,34.98,-0.01,0.32,-0.46,2.33,-0.04,0,3.3,3.58,0.07,0.09,-0.21,-1.55,-1.59,-8.13
AATGC,4.89,-9.59,-5.22,3.59,32.67,35.25,-0.02,-0.02,0.22,-0.15,0.01,-0.33,3.3,3.43,0.02,-0.02,-0.19,-1.52,-1.44,-7.51
AATGG,5.08,-8.98,-4.16,3.6,32.12,34.87,-0.02,0.35,-0.62,1.94,-0.03,-0.35,3.26,3.44,0.06,0.16,-0.2,-1.5,-1.53,-7.27
AATGT,4.27,-10.82,-6.17,4.78,33.25,36.13,-0.01,0.05,-0.14,0.42,-0.01,0.31,3.33,3.66,0.04,0,-0.25,-1.53,-1.57,-8.64
AATTA,4.36,-12.2,-5.21,-2.38,33.31,35.92,-0.03,0.01,-0.28,0.15,0.03,-1.44,3.36,3.2,0,-0.04,-0.08,-1.58,-1.22,-8.38
AATTC,3.75,-11.18,-6.49,-3.59,33.75,36.17,-0.02,-0.13,-1.61,0.86,0.13,-0.96,3.39,3.25,-0.06,-0.1,-0.09,-1.64,-1.27,-10.92
AATTG,4.24,-11.93,-5.32,-2.97,33.37,35.62,-0.03,-0.04,1.01,-0.67,-0.08,-1.53,3.36,3.2,-0.02,0.06,-0.08,-1.59,-1.2,-8.77
ACAAA,5.21,-12.03,6.09,-2.56,35.41,35.77,-0.03,-0.05,-0.01,-0.19,-0.01,-1.7,3.44,3.16,0.01,-0.04,-0.25,-1.16,-1.03,-7.86
ACAAC,5.58,-11.7,6.2,-3.26,35.22,35.25,-0.03,-0.73,0.64,-2.1,-0.03,-1.41,3.4,3.12,0.13,-0.03,-0.23,-1.16,-1.14,-6.99
ACAAG,5.19,-10.72,5.65,-3.95,35.43,35.05,-0.03,1.56,-1.96,0.75,0.07,-1.08,3.47,3.11,-0.36,0.04,-0.26,-1.28,-1.21,-7.49
ACACA,5.5,-9.33,2.96,-2.65,35.28,33.88,-0.03,0.68,-0.32,2,0.04,-0.94,3.33,3.33,-0.08,0.17,0.05,-1.19,-1.48,-6.78
ACACC,5.31,-8.57,3.95,-2.95,34.83,34.36,-0.03,-0.06,0.1,-0.26,-0.01,-0.67,3.3,3.37,0.03,-0.02,-0.02,-1.27,-1.54,-7.06
ACACG,5.47,-9.43,4.66,-2.25,35.35,33.84,-0.03,0.06,0,0.24,0.01,-0.81,3.32,3.32,-0.02,0.02,-0.01,-1.22,-1.45,-6.83
ACAGA,5.33,-7,3.72,-1.93,35,31.6,-0.03,0.88,-2.3,2.65,0.08,-0.8,3.33,3.33,-0.26,0.22,-0.04,-1.37,-1.68,-7.09
ACAGC,5.31,-7.34,5.07,-2.1,35.03,31.35,-0.03,0.47,-1.62,0.41,0.05,-0.51,3.44,3.28,-0.18,0.16,-0.1,-1.46,-1.68,-6.99
ACAGG,5.29,-6.78,4.68,-2.48,34.61,31.34,-0.03,-0.18,0.35,-1.11,-0.01,-0.41,3.39,3.3,0.02,-0.05,-0.07,-1.44,-1.76,-6.94
ACAGT,5.2,-8.12,4.57,-1.83,34.72,31.75,-0.02,-0.2,0.39,0.29,0,-0.32,3.43,3.39,0.04,0,-0.12,-1.47,-1.72,-7.1
ACATA,5.14,-8.52,4.85,-4.73,35.48,32.21,-0.02,-0.51,0.2,-0.5,-0.03,-0.19,3.56,3.22,0.11,-0.07,-0.17,-1.5,-1.49,-7.31
ACATC,4.82,-8.65,5.15,-4.91,35.37,32.37,-0.02,0,-0.05,-0.41,0.01,-0.29,3.53,3.24,-0.02,-0.01,-0.19,-1.51,-1.49,-7.6
ACATG,4.99,-10.15,5.73,-4.67,35.7,32,-0.01,0.09,-0.03,-0.09,0.01,-0.25,3.55,3.25,-0.02,0.01,-0.24,-1.48,-1.45,-7.2
ACCAA,5.08,-4.69,-0.94,4.34,34.7,34.6,-0.04,1.35,-2.71,-1.12,-0.25,0.19,3.45,3.44,0.06,0.49,0.11,-1.74,-1.39,-5.8
ACCAC,5.38,-5,-0.49,3.35,34.37,34.18,-0.05,-0.57,1.08,0.42,0.18,0.16,3.4,3.29,-0.07,-0.21,0.1,-1.71,-1.38,-5.43
ACCAG,5.19,-4.44,-0.64,3.13,34.39,34.21,-0.04,-0.44,0.81,-0.29,0.12,0.24,3.42,3.38,-0.02,-0.15,0.07,-1.76,-1.53,-5.3
ACCCA,4.66,-3.38,-1.42,-2,34.63,33.53,-0.04,0,0.03,-0.21,0.01,0.34,3.48,3.39,0,-0.01,0.04,-1.81,-1.82,-5.67
ACCCC,4.58,-2.37,-1.8,-2.4,34.28,33.44,-0.04,-0.03,-0.05,0.03,0.03,0.41,3.45,3.42,0,0,-0.01,-1.84,-1.89,-5.66
ACCCG,4.7,-3.53,-0.94,-1.76,34.56,33.51,-0.04,0.12,0.12,-0.38,-0.07,0.27,3.47,3.38,0.02,0.02,0.04,-1.81,-1.79,-5.59
ACCGA,5.02,-4.29,-0.94,3.35,34.18,32.64,-0.04,-0.69,0.68,0.86,0.2,0.33,3.45,3.43,-0.08,-0.07,0.04,-1.78,-1.64,-5.09
ACCGC,5.08,-4.55,-0.62,2.79,34.31,32.31,-0.04,-0.01,-0.05,-0.27,-0.03,0.35,3.43,3.38,0,-0.01,0.03,-1.75,-1.66,-5.23
ACCGG,5.16,-5.03,-0.44,2.54,34.12,32.44,-0.04,-0.04,0.02,0.39,0.07,0.36,3.4,3.41,-0.01,0.01,0,-1.7,-1.69,-5.16
ACCTA,4.68,-1.54,-1.78,-2.96,34.99,31.46,-0.02,0.51,-0.71,1.37,-0.09,0.34,3.55,3.31,0.02,0.1,0.15,-1.9,-1.8,-5.64
ACCTC,4.37,-0.88,-2.35,-3.46,34.93,31.49,-0.02,-0.23,0.21,-0.36,0.02,0.38,3.56,3.35,-0.01,-0.02,0.13,-1.92,-1.83,-6.05
ACCTG,4.54,-1.68,-1.63,-2.97,35.08,31.38,-0.02,-0.11,-0.02,-0.24,-0.01,0.32,3.57,3.36,-0.01,-0.01,0.15,-1.92,-1.79,-5.73
ACGAA,5.21,-6.66,5.06,-0.84,33.73,36,-0.04,-0.22,0.45,-0.87,-0.1,0.4,3.54,3.36,-0.02,-0.1,-0.08,-1.62,-1.41,-5.3
ACGAC,5.34,-6.61,5.01,-2.42,33.73,35.7,-0.04,-0.03,-0.04,-0.22,-0.04,0.32,3.42,3.21,-0.01,-0.02,-0.03,-1.51,-1.36,-5.43
ACGAG,5.13,-6.5,4.47,-2.01,33.69,35.94,-0.05,0.15,0.07,-2.02,-0.29,0.37,3.48,3.25,-0.06,-0.13,-0.07,-1.59,-1.43,-5.41
ACGCA,5.27,-4.25,4.21,-1.26,33.71,35.83,-0.04,0.11,-0.2,0.06,-0.05,0.34,3.46,3.36,-0.02,-0.04,0.04,-1.6,-1.5,-4.74
ACGCC,5.08,-3.63,3.67,-2.09,33.32,36.67,-0.04,0.06,-0.09,0.33,-0.02,0.41,3.44,3.39,0,-0.01,0.03,-1.62,-1.57,-5.1
ACGCG,5.2,-4.73,4.51,-1.39,33.2,35.9,-0.03,0.09,0.05,0.28,0.03,0.46,3.47,3.4,0,0,0,-1.65,-1.56,-4.86
ACGGA,5.06,-3.36,2.56,-2.1,33.01,34.6,-0.04,-0.32,0.19,1.18,-0.09,0.19,3.4,3.47,0.02,0.04,0.08,-1.63,-1.71,-5.19
ACGGC,5.08,-3.97,3.91,-1.58,33.55,33.79,-0.05,-0.39,0.08,-0.24,-0.1,0.3,3.48,3.35,0.01,0.03,0.02,-1.65,-1.71,-5.1
ACGGG,4.92,-2.81,2.76,-2.05,33.23,33.75,-0.04,-1.07,0.23,0.72,-0.28,0.34,3.45,3.38,0.05,0.09,0.04,-1.67,-1.77,-5.36
ACGGT,4.73,-4.79,3.68,-1.2,33.29,34.47,-0.04,-0.74,0.59,-1.22,-0.19,0.4,3.53,3.45,0.06,0.03,0,-1.72,-1.75,-5.47
ACGTA,4.84,-7.92,5.09,-2.68,34.34,34.3,-0.03,-0.1,0.05,-1.85,-0.11,0.64,3.61,3.31,0,-0.07,-0.05,-1.69,-1.48,-5.15
ACGTC,4.7,-7.92,5.05,-3.06,34.3,34.58,-0.03,0.01,-0.16,2.79,0.14,0.72,3.6,3.36,-0.01,0.13,-0.07,-1.69,-1.51,-5.56
ACGTG,4.85,-8.78,5.64,-3.13,34.48,34.05,-0.03,0.35,0.24,-3.45,-0.15,0.64,3.69,3.32,0.01,-0.16,-0.09,-1.71,-1.45,-5.15
ACTAA,5.73,-8.1,-0.98,7.88,31.57,34.45,-0.03,1.22,0.87,1.77,-0.07,-0.99,3.28,3.47,-0.13,-0.07,-0.05,-1.7,-1.44,-6.95
ACTAC,5.62,-8.16,-1.63,4.89,31.68,34.24,-0.03,0.85,0.01,0.75,-0.06,-0.92,3.31,3.28,-0.13,0.03,-0.03,-1.7,-1.42,-6.99
ACTAG,5.13,-7.44,-2.86,3.55,32.22,35,-0.02,0.81,-0.01,-0.74,-0.07,-0.52,3.39,3.32,-0.15,-0.03,-0.01,-1.78,-1.47,-7.36
ACTCA,4.89,-7.5,-2.78,-1.75,32.14,35.29,-0.02,-1.11,0.49,0.57,0.05,-0.38,3.39,3.28,0.11,-0.08,-0.06,-1.78,-1.54,-7.4
ACTCC,4.73,-6.75,-2.84,-2.04,31.81,35.76,-0.02,-0.25,0.01,-0.25,0.01,-0.09,3.37,3.31,0,-0.03,-0.09,-1.78,-1.56,-7.61
ACTCG,4.93,-7.78,-1.9,-1.04,31.96,35.21,-0.02,0.12,0.03,0,0,-0.47,3.37,3.28,-0.01,0.02,-0.08,-1.77,-1.51,-7.3
ACTGA,5.48,-7.1,-1.92,4.75,31.46,34.41,-0.03,0.82,-0.64,0.72,-0.04,-0.51,3.34,3.42,-0.08,0.06,-0.09,-1.74,-1.44,-6.81
ACTGC,5.4,-7.79,-1.42,3.67,31.49,33.95,-0.03,1.57,-0.65,0.91,-0.06,-0.54,3.34,3.36,-0.1,0.2,-0.13,-1.69,-1.49,-6.89
ACTGG,5.32,-7.24,-1.82,3.06,31.51,34.39,-0.03,0.77,-0.39,-0.07,-0.03,-0.53,3.31,3.38,-0.06,0.08,-0.13,-1.67,-1.49,-6.86
ACTTA,4.48,-9.96,-2.87,-3.58,33.06,35.16,-0.02,0.36,0.27,-1.42,-0.03,-0.98,3.51,3.12,-0.08,-0.01,0.04,-1.81,-1.25,-7.98
ACTTC,4.31,-8.83,-3.34,-4.2,32.77,35.22,-0.01,0.73,0.85,-2.11,-0.06,-0.53,3.5,3.14,-0.12,0.01,0.02,-1.84,-1.27,-8.32
ACTTG,4.52,-10.21,-2.35,-3.59,33.13,34.94,-0.02,1.74,1.64,-4.96,-0.12,-1.23,3.51,3.13,-0.24,0.01,0.03,-1.82,-1.22,-8
AGAAA,4.74,-10.55,-0.69,-2.61,36.43,36.02,-0.04,1.12,-0.48,0.25,0.03,-0.67,3.45,3.18,-0.07,-0.08,-0.28,-1.54,-1.08,-8.05
AGAAC,4.85,-10.59,-0.56,-3.03,36.45,35.7,-0.03,1.01,-0.88,1.03,0.03,-0.65,3.42,3.1,-0.14,-0.06,-0.24,-1.48,-1.09,-7.86
AGAAG,4.5,-10.3,-1.65,-4.1,36.79,35.47,-0.03,-2.54,1.84,-1.1,-0.06,-0.32,3.49,3.17,0.23,0.01,-0.27,-1.54,-1.25,-7.97
AGACA,4.99,-8.49,-1.88,-2.8,36.49,34.36,-0.01,0.93,-0.67,3.31,0.05,-0.11,3.28,3.36,-0.12,0.17,0.01,-1.42,-1.55,-7.28
AGACC,4.73,-8.04,-1.9,-3.14,36.1,34.74,-0.02,0.56,-0.47,1.42,0.03,0.21,3.33,3.41,-0.07,0.05,-0.08,-1.51,-1.63,-7.44
AGACG,4.83,-8.81,-2.02,-2.95,36.41,34.44,-0.01,1.02,-0.58,3.71,0.06,0.11,3.3,3.37,-0.16,0.15,-0.03,-1.46,-1.54,-7.44
AGACT,4.57,-7.81,-2,-3.59,36.01,34.89,-0.02,-0.3,0.27,-0.41,-0.01,0.39,3.37,3.48,0,-0.04,-0.11,-1.58,-1.74,-7.39
AGAGA,5,-6.62,-1.55,-1.87,35.8,31.7,-0.02,1.15,-1.48,1.17,0.04,0,3.36,3.34,-0.08,0.09,-0.08,-1.61,-1.76,-7.34
AGAGC,5.04,-6.5,-1.41,-2.48,35.84,31.62,-0.02,0.35,-0.37,-0.4,0.01,-0.1,3.36,3.31,-0.02,0,-0.08,-1.61,-1.76,-7.25
AGAGG,4.97,-6.38,-1.11,-2.6,35.39,31.44,-0.02,0.47,-0.62,0.34,0.01,0.23,3.35,3.35,-0.01,0.03,-0.09,-1.64,-1.84,-7.16
AGAGT,4.86,-7.83,-0.84,-1.51,35.66,31.76,-0.03,1.5,-1.77,0.83,0.04,0.06,3.42,3.37,-0.08,0.09,-0.16,-1.69,-1.79,-7.36
AGATA,4.72,-8.23,-1.03,-4.23,36.52,32.48,-0.02,0.34,0.05,-0.51,0.01,-0.13,3.47,3.24,-0.01,-0.02,-0.16,-1.67,-1.52,-7.46
AGATC,4.36,-8.23,-1.69,-5.53,36.68,32.82,-0.02,-0.71,-0.01,0.34,-0.02,0.19,3.49,3.27,0.05,-0.01,-0.21,-1.68,-1.54,-8.19
AGATG,4.66,-7.85,-1.27,-5.19,36.48,32.25,-0.02,0.06,0,0.12,0,-0.14,3.43,3.24,-0.01,0,-0.16,-1.63,-1.51,-7.78
AGCAA,5.08,-3.36,-3.02,3.78,36.94,34.41,-0.03,-0.3,-1.05,-0.72,-0.1,0.31,3.45,3.45,-0.01,0.21,0.08,-1.68,-1.42,-5.93
AGCAC,5.43,-3.79,-1.72,2.81,36.67,34.03,-0.04,0.11,0.37,0.29,0.06,0.28,3.43,3.3,-0.01,-0.08,0.09,-1.63,-1.39,-5.27
AGCAG,5.16,-3.6,-2.72,3.76,36.97,33.86,-0.03,-0.38,-1,-0.45,-0.16,0.36,3.45,3.39,0.02,0.26,0.08,-1.68,-1.51,-5.7
AGCCA,4.53,-2.76,-3.86,-2.44,37.62,33.35,-0.03,0.1,-0.01,0.61,0.01,0.43,3.49,3.38,0.01,0.02,0.05,-1.69,-1.8,-6.02
AGCCC,4.61,-2.48,-2.95,-1.98,37.3,33.51,-0.04,0.6,-0.41,0.32,0.16,0.43,3.47,3.4,0.01,-0.07,0.01,-1.68,-1.82,-5.43
AGCCG,4.83,-3.04,-2.14,-1.44,37.23,33.27,-0.04,0.6,-0.31,0.55,0.17,0.34,3.46,3.38,0,-0.07,0.02,-1.66,-1.77,-5.53
AGCGA,5.19,-3.56,-2.29,4.15,36.83,32.44,-0.03,0.41,0.51,0.73,0.08,0.4,3.45,3.4,0,0,0.02,-1.65,-1.59,-5.16
AGCGC,5.18,-3.87,-1.92,2.89,36.76,32.08,-0.03,0.54,0.04,0.57,0.12,0.44,3.44,3.37,-0.01,-0.01,0.02,-1.64,-1.66,-5.21
AGCGG,5.15,-3.78,-1.9,2.44,36.72,32.34,-0.03,0.42,-0.15,0.68,0.07,0.47,3.43,3.39,0.01,-0.01,0,-1.63,-1.67,-5
AGCGT,4.86,-3.93,-2.63,3.7,37.02,33,-0.03,0.43,0.2,0.68,0.09,0.5,3.45,3.49,0.01,-0.03,-0.01,-1.65,-1.69,-5.17
AGCTA,4.88,-1.3,-2.66,-2.32,37.56,31.13,-0.02,-0.03,0.15,-0.71,0.03,0.32,3.52,3.28,0,-0.05,0.14,-1.76,-1.77,-5.53
AGCTC,4.63,-0.83,-3.25,-2.86,37.66,31.33,-0.02,0,0.52,-0.6,0.06,0.35,3.53,3.33,0,-0.05,0.12,-1.77,-1.79,-5.79
AGCTG,4.8,-1.38,-2.49,-2.54,37.48,31.01,-0.02,0.01,-0.24,0.43,-0.03,0.28,3.52,3.32,0.01,0.05,0.12,-1.76,-1.74,-5.64
AGGAA,4.76,-4.88,-1.44,-1.3,34.39,36.26,-0.05,-0.85,-0.59,0.02,0.15,0.31,3.5,3.36,-0.03,0.17,-0.05,-1.86,-1.45,-5.71
AGGAC,4.81,-5.39,-0.96,-2.19,34.49,36.03,-0.05,-0.21,-0.19,-0.28,0.04,0.37,3.49,3.24,-0.02,0,-0.05,-1.83,-1.42,-5.48
AGGAG,4.63,-4.81,-1.32,-2.62,34.13,36.23,-0.05,-0.33,-0.34,0.24,0.06,0.43,3.5,3.3,-0.02,0.05,-0.07,-1.88,-1.51,-5.59
AGGCA,4.82,-2.38,-2.06,-2.41,34.03,36.26,-0.04,0.29,-0.11,0.17,-0.08,0.44,3.43,3.4,0.02,-0.01,0.03,-1.87,-1.64,-5.2
AGGCC,4.72,-2.2,-1.89,-2.34,33.71,36.64,-0.04,0.18,0.02,0.12,-0.04,0.46,3.44,3.43,0.01,0,0,-1.9,-1.67,-5.29
AGGCG,4.77,-2.82,-2.1,-2.16,34.34,36.31,-0.04,1.3,-0.14,0.23,-0.3,0.4,3.44,3.4,0.08,-0.05,0.02,-1.85,-1.6,-5.21
AGGCT,4.33,-2.34,-2.71,-3.85,34,37.47,-0.04,-0.51,0.41,-0.06,0.1,0.54,3.49,3.5,-0.04,0.02,-0.01,-1.9,-1.72,-5.6
AGGGA,4.68,-1.76,-2.51,-1.61,33.86,33.6,-0.04,0.4,0.31,0.46,-0.11,0.37,3.43,3.47,0.05,-0.05,0.02,-1.92,-1.86,-5.38
AGGGC,4.73,-1.88,-2.27,-2.16,34,33.54,-0.05,0.33,0.01,-0.08,-0.07,0.37,3.45,3.4,0.02,0.01,0.01,-1.9,-1.84,-5.05
AGGGG,4.62,-1.32,-2.55,-2.41,33.78,33.61,-0.04,0.72,0.2,0.85,-0.2,0.43,3.44,3.42,0.08,0.03,0.01,-1.92,-1.88,-5.38
AGGGT,4.29,-2.62,-3.17,-2.05,34.17,34.42,-0.05,0.57,0.15,0.13,-0.11,0.46,3.51,3.48,0.05,0,-0.02,-1.95,-1.85,-5.71
AGGTA,4.33,-5.43,-2.81,-4.49,35.24,34.69,-0.04,0.52,-0.14,-1.36,-0.1,0.56,3.56,3.36,0.01,-0.08,-0.02,-1.89,-1.56,-5.71
AGGTC,4.18,-5.67,-2.46,-3.96,35.04,34.84,-0.04,-0.05,-0.02,-0.03,0,0.61,3.58,3.4,-0.01,0,-0.07,-1.94,-1.59,-6
AGGTG,4.42,-6.64,-1.65,-3.26,35.25,34.31,-0.03,-0.78,-0.18,2.09,0.12,0.58,3.58,3.37,0,0.15,-0.07,-1.92,-1.53,-5.6
AGTAA,5.37,-7.55,-3.91,5.33,34.75,34.55,-0.02,-0.64,-0.66,-0.09,0.06,-0.75,3.41,3.36,0.11,0.08,0.06,-1.66,-1.35,-7.46
AGTAC,5.54,-8.16,-2.73,4.94,34.74,33.82,-0.03,0.69,-0.07,0.02,-0.05,-0.96,3.4,3.23,-0.09,-0.04,0.05,-1.63,-1.39,-6.89
AGTAG,5.2,-8.16,-4.12,4.64,35.18,34.13,-0.02,-1.49,-0.14,2.32,0.12,-0.46,3.44,3.3,0.24,0.06,0.03,-1.71,-1.43,-7.43
AGTCA,4.89,-8.11,-3.69,-1.77,35.06,35.14,-0.02,-1.4,0.61,1.81,0.08,-0.23,3.46,3.25,0.16,-0.1,-0.02,-1.68,-1.47,-7.61
AGTCC,4.51,-7.34,-4.26,-2.46,34.97,35.78,-0.01,0.06,0.01,0.21,0,0.29,3.48,3.28,-0.01,0.01,-0.05,-1.73,-1.49,-7.68
AGTCG,4.59,-8.15,-4.46,-2.31,35.27,35.38,-0.02,-0.75,0.11,1.04,0.05,-0.12,3.48,3.23,0.1,-0.05,-0.01,-1.72,-1.41,-7.96
AGTGA,5.22,-7.1,-3.58,3.56,34.23,33.87,-0.03,0.98,-0.57,0.15,-0.07,-0.38,3.42,3.36,-0.15,0.13,-0.04,-1.67,-1.47,-7.2
AGTGC,5.3,-7.68,-3.54,2.74,34.58,33.99,-0.03,-0.33,0.31,0.97,0.03,-0.4,3.44,3.25,0.07,-0.05,-0.03,-1.66,-1.36,-7.05
AGTGG,5.31,-7.4,-2.95,2.64,34.38,34.11,-0.03,0.73,-0.52,0.03,-0.04,-0.36,3.41,3.32,-0.07,0.09,-0.06,-1.62,-1.43,-6.85
AGTGT,5.1,-8.48,-3.51,3.69,34.67,34.61,-0.03,1.04,-0.45,-0.43,-0.05,-0.3,3.44,3.37,-0.17,0.11,-0.06,-1.72,-1.38,-7.06
AGTTA,4.67,-10.74,-3.98,-3.3,35.6,34.85,-0.03,-0.76,-0.61,4.05,0.09,-1.05,3.52,3.1,0.21,-0.03,0.06,-1.72,-1.21,-7.89
AGTTC,4.25,-10.45,-4.54,-3.79,35.93,35.24,-0.01,-1.01,-1.17,5.79,0.11,-0.64,3.54,3.12,0.25,0,0.04,-1.74,-1.19,-8.35
AGTTG,4.38,-11.29,-4.47,-3.88,36.24,34.76,-0.02,1.37,1.88,-9.26,-0.16,-1.03,3.55,3.11,-0.41,-0.07,0.06,-1.74,-1.17,-8.34
ATAAA,5.66,-12.37,8.13,-0.95,34.6,35.94,-0.02,-0.27,0.25,-0.07,-0.01,-1.11,3.46,3.19,0.03,0.06,-0.25,-1.35,-1.05,-7.46
ATAAC,5.62,-10.51,6.14,-3.5,34.54,35.5,-0.03,-0.51,0.55,-0.82,-0.04,-1.34,3.37,3.09,0.03,0.04,-0.15,-1.31,-1.13,-7.36
ATAAG,5.48,-10.54,6.31,-3.47,35.15,35.03,-0.03,1.34,-1.81,-1,0.1,-1.08,3.46,3.11,-0.11,-0.01,-0.23,-1.41,-1.28,-7.46
ATAAT,5.28,-11.27,6.41,-2.76,35.02,35.9,-0.02,0.46,-0.31,-0.2,0.02,-1,3.45,3.18,0,0,-0.23,-1.41,-1.22,-7.69
ATACA,5.82,-8.93,5.89,-2.07,34.63,34.26,-0.03,0.18,-0.1,0.66,0.02,-0.93,3.29,3.33,0.01,0.04,0.05,-1.35,-1.53,-6.9
ATACC,5.46,-8.36,5.39,-2.59,34.56,34.69,-0.03,-0.1,-0.19,0.18,0.01,-0.57,3.31,3.37,0,0.02,0,-1.4,-1.59,-7.03
ATACG,5.53,-9.05,5.89,-2.22,34.59,34.16,-0.02,-0.1,0.01,-0.48,0,-0.6,3.32,3.34,-0.01,-0.02,0,-1.38,-1.54,-6.78
ATACT,5.37,-8.21,6.22,-2.71,34.44,34.73,-0.03,-0.09,-1.97,0.64,0.11,-0.35,3.41,3.42,0.05,0.16,-0.03,-1.48,-1.69,-7.14
ATAGA,5.69,-7.03,6.34,-1.51,34.25,31.88,-0.03,0.11,0.69,-0.36,-0.04,-0.83,3.34,3.31,-0.03,-0.08,0,-1.47,-1.74,-6.96
ATAGC,5.37,-6.84,4.96,-2.59,34.96,31.21,-0.02,-0.43,-0.62,0.17,0.03,-0.45,3.43,3.3,0.01,0.08,-0.02,-1.52,-1.8,-7
ATAGG,5.6,-6.87,5.54,-2.45,34.5,31.71,-0.03,-0.02,-0.58,0.79,0.02,-0.64,3.33,3.29,0.02,0.06,0,-1.45,-1.79,-6.95
ATAGT,4.86,-8.26,3.79,-3.25,35.53,31.86,0,0.08,0.74,0.86,-0.09,-0.91,3.38,3.39,-0.05,-0.18,-0.06,-1.37,-1.73,-7.21
ATATA,5.76,-8.95,8.32,-2.62,34.46,32.12,-0.01,0.26,0.11,0.66,-0.01,-0.52,3.48,3.2,0.03,0.01,-0.09,-1.5,-1.5,-6.79
ATATC,5.4,-8.3,6.33,-3.98,35.01,32.32,-0.02,0.13,0.02,0.67,-0.01,-0.48,3.46,3.22,0,0.01,-0.1,-1.51,-1.52,-7.44
ATATG,5.32,-8.33,5.85,-4.26,35.37,32.04,-0.02,0,0.01,0.2,0,-0.63,3.45,3.21,0,0.03,-0.08,-1.49,-1.5,-7.38
ATCAA,5.52,-7.12,0.04,6.62,35.38,34.6,-0.04,0.49,-0.84,-1.4,-0.11,0.29,3.35,3.5,-0.11,0.2,-0.02,-1.57,-1.34,-5.64
ATCAC,5.35,-6.53,-0.51,3.72,35.64,34.03,-0.04,0.8,-0.44,-0.54,-0.13,0.3,3.36,3.33,-0.12,0.12,0.02,-1.55,-1.39,-5.68
ATCAG,5.34,-6.55,-0.36,4.36,35.8,34.24,-0.04,0.7,-0.46,-1.73,-0.22,0.39,3.35,3.38,-0.21,0.21,-0.01,-1.53,-1.44,-5.47
ATCCA,4.94,-5.7,-0.96,-0.54,36.24,33.69,-0.04,0.25,0.33,-0.55,-0.08,0.29,3.36,3.42,-0.06,0.01,-0.04,-1.53,-1.78,-5.61
ATCCC,4.81,-4.91,-1.49,-1.06,36.09,33.66,-0.05,0.21,0.23,-0.31,-0.04,0.37,3.34,3.47,-0.02,0.02,-0.09,-1.55,-1.86,-5.67
ATCCG,4.47,-4.49,-2.07,-2.34,36.59,32.93,-0.03,0.15,0.41,-1.09,-0.1,0.34,3.44,3.44,-0.02,-0.08,-0.03,-1.56,-1.8,-5.43
ATCCT,4.51,-5.29,-1.25,-1.41,36.16,34.37,-0.05,-0.37,-0.61,0.08,0.12,0.42,3.36,3.54,0.1,-0.03,-0.1,-1.56,-1.92,-5.71
ATCGA,5.23,-7.08,-0.54,5.51,35.76,32.77,-0.04,0.12,-0.03,0.7,0.03,0.5,3.33,3.51,0.03,0.02,-0.09,-1.51,-1.64,-5.43
ATCGC,5.28,-6.96,-0.66,4.15,35.82,32.49,-0.03,0.31,0.27,-1.67,-0.16,0.44,3.32,3.42,-0.14,-0.02,-0.08,-1.49,-1.62,-5.24
ATCGG,5.25,-7.15,-0.66,3.63,35.6,32.57,-0.03,-0.02,-0.26,0.57,0.05,0.49,3.3,3.47,0.06,0.02,-0.11,-1.49,-1.68,-5.15
ATCGT,4.8,-6.85,-1.68,4.65,36.22,33.64,-0.04,0.35,0.14,-2.66,-0.21,0.5,3.34,3.58,-0.15,0.02,-0.1,-1.5,-1.68,-5.77
ATCTA,4.74,-3.2,-1.24,-2.21,36.79,31.29,-0.02,0.05,-0.12,-0.59,-0.02,0.27,3.53,3.31,-0.03,-0.06,0.11,-1.65,-1.73,-5.6
ATCTC,4.74,-2.78,-1.46,-2.16,36.47,31.47,-0.03,0.3,-0.22,0.29,-0.03,0.26,3.45,3.34,-0.02,0.03,0.08,-1.65,-1.76,-5.95
ATCTG,4.98,-2.7,-0.33,-2.27,36.37,31.12,-0.02,-3,2.12,-3.69,0.23,0.23,3.56,3.3,0.1,-0.27,0.12,-1.74,-1.72,-5.82
ATGAA,5.5,-6.07,5.73,0.04,35.03,35.39,-0.05,-0.79,1.17,-0.39,-0.17,0.24,3.44,3.35,0.2,-0.18,0.03,-1.4,-1.46,-5.57
ATGAC,5.45,-6.37,5.16,-2.06,35.1,35.47,-0.04,-0.34,0.19,-0.31,-0.09,0.26,3.42,3.22,0.08,-0.05,0.02,-1.37,-1.41,-5.56
ATGAG,5.23,-6.05,5.69,-1.52,34.93,35.1,-0.05,-0.39,0.33,-0.88,-0.11,0.26,3.5,3.26,0.12,-0.06,-0.03,-1.47,-1.54,-5.38
ATGAT,4.79,-6.15,3.79,-1.32,34.82,36.14,-0.04,-0.32,0.24,-0.89,-0.07,0.4,3.54,3.41,0.07,-0.07,-0.03,-1.57,-1.58,-6.07
ATGCA,5.55,-3.73,4.66,-1.2,35.12,35.6,-0.04,-0.2,-0.03,-0.1,-0.05,0.24,3.39,3.37,0.06,-0.01,0.11,-1.39,-1.56,-5.1
ATGCC,5.33,-3.12,4.26,-1.93,34.66,36.28,-0.04,0.58,-0.01,0.23,0.07,0.33,3.4,3.39,-0.1,0.01,0.09,-1.46,-1.61,-5.23
ATGCG,5.6,-4.03,5.09,-0.76,35,35.58,-0.04,-0.78,0.23,0.13,-0.14,0.25,3.37,3.37,0.19,0.01,0.1,-1.37,-1.54,-4.96
ATGCT,5.23,-3.68,4.59,-2.2,34.56,36.89,-0.04,0.87,0.48,1.21,0.14,0.33,3.48,3.44,-0.21,0.02,0.04,-1.52,-1.66,-5.39
ATGGA,5.34,-3.37,4.34,-0.26,34.46,33.69,-0.04,-0.75,0.47,0.63,-0.11,0.22,3.37,3.42,0.15,0.02,0.11,-1.48,-1.79,-5.3
ATGGC,5.23,-3.12,3.68,-2.18,34.93,33.39,-0.04,-0.48,0.25,0.32,-0.09,0.22,3.4,3.36,0.14,0.05,0.09,-1.47,-1.78,-5.43
ATGGG,5.19,-2.37,3.38,-2.51,34.56,33.45,-0.04,0.09,-0.02,-0.05,0,0.28,3.38,3.38,-0.01,-0.01,0.1,-1.49,-1.82,-5.37
ATGGT,4.97,-4.33,4.04,-1.22,34.88,34.55,-0.05,-0.32,0.21,-0.11,-0.06,0.26,3.49,3.44,0.07,0.02,0.06,-1.54,-1.78,-5.41
ATGTA,5.27,-7.4,5.57,-2.14,35.76,34.06,-0.04,0.07,-0.12,0.49,0.03,0.44,3.5,3.31,-0.04,0.03,0.04,-1.44,-1.5,-5.43
ATGTC,5.02,-7.1,4.9,-2.83,35.42,34.24,-0.04,0,0.04,-0.34,-0.02,0.54,3.53,3.35,0.03,-0.02,0.01,-1.5,-1.54,-5.65
ATGTG,5.15,-8.83,6.57,-2.22,35.86,33.53,-0.03,-0.72,0.25,-0.86,-0.06,0.54,3.59,3.33,0.07,-0.03,-0.03,-1.5,-1.49,-5.49
ATTAA,5.58,-11.32,-2.12,8.64,35.37,34.44,-0.02,0.17,-0.01,0.38,-0.01,-1.05,3.16,3.53,0.02,0,-0.23,-1.22,-1.36,-7.47
ATTAC,5.44,-11.34,-2.51,5.03,35.53,34.68,-0.02,0.02,0.01,-0.05,0,-1.02,3.16,3.34,-0.01,0,-0.2,-1.21,-1.34,-7.55
ATTAG,5.57,-11.58,-1.62,7.71,35.33,34.46,-0.02,-0.39,0.26,-1.06,0.02,-0.87,3.16,3.46,-0.04,-0.02,-0.26,-1.21,-1.45,-7.23
ATTCA,5.22,-10.83,-2.45,0.21,36.06,35.03,-0.03,-1.6,1.69,0.42,0.08,-1.13,3.18,3.36,-0.1,-0.22,-0.24,-1.19,-1.48,-7.69
ATTCC,4.69,-9.61,-3.73,-0.88,35.6,35.99,-0.03,-0.76,0.74,-0.65,0.03,-0.69,3.16,3.4,-0.04,-0.11,-0.27,-1.23,-1.51,-8.21
ATTCG,4.88,-10.56,-2.98,-0.24,35.86,35.52,-0.03,-1.81,1.57,-0.84,0.09,-1.03,3.17,3.36,-0.11,-0.23,-0.25,-1.21,-1.45,-7.92
ATTCT,4.43,-10.15,-3.86,-1.42,36.11,36.6,-0.03,-0.89,1.29,-0.41,0.02,-0.39,3.2,3.49,-0.07,-0.09,-0.29,-1.21,-1.59,-8.34
ATTGA,5.46,-10.92,-2.1,7.05,34.93,34.6,-0.03,0.81,-0.7,0.85,-0.03,-1.04,3.16,3.5,0.04,0.15,-0.32,-1.2,-1.34,-7.28
ATTGC,5.15,-10.6,-2.92,3.9,35.34,34.49,-0.03,1.18,-1.21,1.32,-0.05,-0.93,3.17,3.44,0.07,0.24,-0.3,-1.19,-1.41,-7.61
ATTGG,5.3,-10.72,-2.07,5.06,34.93,34.4,-0.03,1.57,-1.9,2.66,-0.07,-0.94,3.15,3.42,0.11,0.33,-0.32,-1.19,-1.4,-7.32
ATTGT,5.03,-11.94,-2.43,6.33,35.45,35.55,-0.03,1.49,-1.31,2.12,-0.05,-0.52,3.2,3.57,0.11,0.25,-0.33,-1.2,-1.39,-7.49
ATTTA,4.75,-13.87,-2.36,-0.94,36.55,35.79,-0.03,0.37,0.22,-0.97,-0.03,-1.71,3.27,3.18,0.01,0.05,-0.16,-1.22,-1.06,-8.29
ATTTC,4.27,-12.09,-4.4,-3.13,36.7,35.77,-0.02,-0.39,-0.26,1.27,0.04,-1.57,3.24,3.17,0,-0.04,-0.13,-1.23,-1.1,-9.42
ATTTG,4.12,-13.36,-4.68,-3.54,37.28,35.49,-0.02,0.49,0.43,-1.8,-0.05,-2.09,3.32,3.16,-0.02,0.04,-0.09,-1.26,-1.09,-9.88
CAAAG,4.52,-12.85,-2.8,-4.84,35.41,36.3,-0.03,1.5,1.9,-6.77,-0.15,-1.91,3.16,3.2,0.17,-0.19,-0.11,-1.06,-1.27,-8.76
CAACG,4.98,-11.71,-2.97,-2.83,35.01,35.1,-0.03,1.65,-0.18,-7.35,-0.12,-1.48,3.06,3.4,0.07,-0.33,0.09,-1.08,-1.53,-7.6
CAAGG,4.65,-9.16,-3.66,-2.93,34.98,32.51,-0.02,-2.19,-2.22,7.66,0.13,-0.93,3.13,3.44,0.03,0.35,0.05,-1.23,-1.82,-7.76
CAATG,4.69,-10.42,-2.63,-4.37,35.08,32.41,-0.02,1.24,-0.56,-1.28,-0.07,-1.37,3.15,3.28,0.09,-0.07,-0.05,-1.19,-1.53,-7.96
CACAG,5.32,-8.12,-2.15,4.99,33.74,35.2,-0.03,-0.75,0.71,6.1,0.27,0.5,3.33,3.44,0.33,-0.27,0.02,-1.46,-1.44,-5.48
CACCG,4.92,-6.56,-2.48,-0.28,34.05,34.36,-0.03,0.25,0.16,-1.42,-0.08,0.34,3.34,3.42,-0.08,0.02,0,-1.5,-1.72,-5.25
CACGG,5.1,-8.46,-2.43,4.06,33.81,33.7,-0.02,-0.07,-0.36,3,0.11,0.67,3.32,3.5,0.14,0.03,-0.06,-1.44,-1.67,-5.12
CAGAG,5.14,-3.06,-1.81,-1,31.18,35.6,-0.03,-0.42,0.34,0.53,-0.01,0.2,3.3,3.37,0.03,-0.01,0.1,-1.69,-1.63,-5.67
CAGCG,5.13,-1.72,-1.93,-1.69,31.2,36.67,-0.03,-1.26,0.56,1.66,-0.12,0.19,3.26,3.43,0.12,0,0.17,-1.67,-1.63,-5.29
CAGGG,4.85,-0.14,-3.39,-2.88,31.11,34.07,-0.01,-0.19,0.19,0.43,-0.02,0.35,3.27,3.47,0.03,-0.01,0.16,-1.77,-1.92,-5.52
CAGTG,4.98,-4.52,-1.18,-2.39,31.61,34.3,-0.03,0.46,-0.12,0.15,0.01,0.18,3.35,3.42,0.04,-0.05,0.13,-1.67,-1.61,-5.29
CATAG,5.53,-8.2,-3.65,5.41,31.84,35.03,-0.01,0.33,0.09,-2.17,0.06,-0.51,3.2,3.39,-0.05,-0.03,-0.07,-1.47,-1.48,-7.21
CATCG,4.94,-8.32,-4.47,-0.95,32.14,35.83,-0.02,-0.01,-0.02,-0.24,0.01,-0.64,3.23,3.31,0.01,-0.01,-0.1,-1.47,-1.48,-7.67
CATGG,5.34,-9.01,-4.03,3.95,31.61,34.66,0,-0.03,0.3,-0.62,0.01,-0.27,3.23,3.45,-0.02,-0.03,-0.22,-1.44,-1.51,-6.81
CCAGG,5.4,-5.54,2.39,-2.87,34.05,31.17,-0.02,0.38,-0.97,0.04,0.04,-0.38,3.31,3.29,-0.11,0.08,-0.05,-1.47,-1.75,-6.72
CCGGG,5.19,-3.26,1.93,-1.59,32.53,33.24,-0.04,-0.48,0.44,0.17,-0.25,0.24,3.33,3.35,-0.01,0.15,0.05,-1.64,-1.78,-5.12
CGACG,5.19,-8.49,-1.47,-2.51,35.57,34.26,-0.02,-0.01,-0.08,1.05,0.02,-0.67,3.19,3.34,-0.05,0.06,0.03,-1.33,-1.49,-7.18
CGAGG,5.18,-6.32,-1.26,-2.8,34.97,31.5,-0.02,0.06,-0.21,0.15,0.01,-0.45,3.23,3.3,-0.01,0.03,-0.02,-1.48,-1.79,-7.19
CGCGG,5.51,-4.25,-1.05,2.68,35.54,32.35,-0.03,-0.05,0.12,-0.22,-0.04,0.44,3.38,3.33,0,0,0.02,-1.54,-1.62,-4.76
CGGCG,5.09,-3.17,-1.33,-1.46,33.59,36.24,-0.04,0.04,0.04,0.14,-0.06,0.24,3.33,3.38,0.02,0,0.07,-1.7,-1.55,-5.17
CGGGG,4.94,-1.95,-1.77,-1.76,33.22,33.62,-0.04,0.05,0.28,1.34,-0.23,0.27,3.35,3.38,0.11,0.07,0.05,-1.79,-1.84,-5.31
CGTGG,5.64,-7.87,-2.34,3.23,33.53,34.18,-0.03,-0.73,1.27,2.22,0.1,-0.65,3.32,3.24,0.22,-0.28,-0.03,-1.48,-1.33,-6.67
CTAAG,5.49,-10.31,6.02,-3.25,34.71,35.04,-0.03,1.21,-1.45,-1.07,0.08,-1.07,3.4,3.09,-0.11,-0.04,-0.21,-1.39,-1.24,-7.36
CTACG,5.77,-8.43,4.93,-2.16,34.25,34.02,-0.03,0.06,-0.03,-0.31,-0.01,-0.68,3.24,3.32,-0.01,-0.01,0.03,-1.37,-1.51,-6.73
CTAGG,5.69,-6.51,4.92,-2.23,34.19,31.47,-0.03,-0.03,-0.87,0.36,0.04,-0.83,3.28,3.27,0,0.09,0,-1.46,-1.76,-6.9
CTCCG,5.01,-5.07,-1.83,-0.61,35.79,33.51,-0.04,-0.11,-0.12,-0.12,0.04,0.24,3.28,3.4,0.01,-0.02,-0.03,-1.51,-1.75,-5.41
CTCGG,5.65,-6.12,-0.49,4.6,34.73,32.31,-0.03,-0.11,0.29,-0.6,0,0.47,3.26,3.41,0,0,-0.07,-1.52,-1.63,-4.85
CTGAG,5.56,-6.08,4.27,-0.89,34.47,34.84,-0.04,-0.34,0.49,-1.03,-0.09,0.28,3.36,3.27,0.08,-0.05,0,-1.41,-1.54,-5.09
CTGCG,5.67,-3.85,3.64,-0.89,34.24,35.64,-0.04,-0.08,-0.02,-0.12,0,0.24,3.29,3.36,0,0,0.1,-1.39,-1.52,-5.01
CTGGG,5.39,-2.47,2.42,-1.97,33.88,33.54,-0.04,-1.08,0.23,0.78,-0.13,0.3,3.37,3.36,0.16,0.05,0.1,-1.54,-1.81,-5.02
CTTCG,4.92,-9.8,-3.7,-0.16,35.11,35.23,-0.03,-0.33,0.36,0.43,0.02,-1.02,3.13,3.33,0.02,-0.02,-0.22,-1.27,-1.45,-7.77
CTTGG,5.31,-9.71,-3.4,4.48,34.56,34.61,-0.03,0.43,-0.46,0.4,-0.02,-1,3.1,3.43,0.01,0.09,-0.28,-1.23,-1.38,-7.06
GAAAC,4.74,-12.76,-2.18,-3.35,36.01,36.17,-0.03,0.84,0.97,-3.77,-0.08,-1.63,3.15,3.15,0.18,-0.01,-0.11,-1.02,-1.11,-8.38
GAAAG,4.36,-11.93,-3,-4.95,35.91,36.1,-0.02,-0.35,-0.59,1.42,0.04,-1.54,3.17,3.19,-0.06,0.02,-0.13,-1.08,-1.26,-8.88
GAACC,4.46,-10.08,-3.83,-3.59,35.45,35.19,-0.02,-0.22,-0.1,1.32,0.02,-0.91,3.11,3.44,0,0.03,0.06,-1.16,-1.6,-8.2
GAACG,4.74,-11.06,-2.93,-2.93,35.71,34.9,-0.02,-0.49,0.01,2.78,0.04,-1.02,3.08,3.4,-0.03,0.11,0.08,-1.09,-1.53,-7.82
GAAGC,4.82,-8.01,-3.36,-2.79,34.96,32.06,-0.02,1.25,1.21,-2.44,-0.07,-0.94,3.13,3.35,0.05,-0.16,0.02,-1.26,-1.77,-7.86
GAAGG,4.63,-7.38,-3.82,-3.57,34.75,32.02,-0.01,-1.04,-1.01,3,0.06,-0.56,3.1,3.4,-0.01,0.17,0.04,-1.28,-1.86,-7.89
GAATC,4.36,-9.46,-3.18,-5.55,35.53,32.93,-0.02,1.19,-0.28,-1.53,-0.08,-1.04,3.18,3.3,0.07,-0.08,-0.05,-1.24,-1.57,-8.53
GAATG,4.39,-9.43,-3.64,-5.91,35.63,32.69,-0.02,-0.97,0.39,1.99,0.07,-1,3.16,3.29,-0.06,0.08,-0.03,-1.22,-1.56,-8.53
GACAC,5.49,-7.25,-2.01,4.23,34.03,34.92,-0.03,0.02,-0.21,-0.5,-0.02,0.41,3.33,3.32,-0.04,0,0.08,-1.48,-1.27,-5.39
GACAG,5.26,-6.88,-2.46,3.98,34.25,34.79,-0.03,-0.49,0.54,3.34,0.2,0.52,3.34,3.38,0.22,-0.19,0.04,-1.51,-1.44,-5.58
GACCC,4.45,-5.33,-3.44,-1.78,34.81,34.36,-0.03,-0.22,-0.14,0.95,0.07,0.55,3.38,3.48,0.06,-0.01,-0.03,-1.58,-1.86,-5.79
GACCG,4.69,-5.99,-2.77,-0.84,34.65,34.17,-0.03,-0.24,-0.11,0.23,0.03,0.44,3.37,3.43,0.01,-0.02,0,-1.55,-1.76,-5.5
GACGC,5.09,-7.38,-2.45,4.23,34.21,33.02,-0.02,-0.13,-0.05,0.91,0.05,0.64,3.34,3.46,0.04,0,-0.03,-1.5,-1.66,-5.25
GACGG,5.1,-7.15,-2.46,3.11,34.1,33.08,-0.02,-0.07,-0.41,2.54,0.11,0.72,3.33,3.46,0.13,0.02,-0.04,-1.5,-1.68,-5.29
GACTG,5,-3.96,-2.08,-1.4,34.65,31.46,-0.02,-1.43,1.91,0.01,0.17,0.33,3.43,3.33,0.17,-0.14,0.12,-1.65,-1.7,-5.57
GAGAC,5.04,-3.46,-1.45,-1.85,31.76,36.17,-0.03,-1.98,1.59,2.54,-0.24,0.16,3.32,3.32,0.15,-0.15,0.1,-1.69,-1.5,-5.7
GAGAG,4.93,-2.54,-1.93,-1.9,31.39,35.65,-0.03,-0.95,0.84,1.05,-0.14,0.25,3.32,3.37,0.09,-0.06,0.08,-1.75,-1.65,-5.81
GAGCC,4.67,-0.53,-2.76,-3.07,31.39,37.09,-0.01,0.92,-0.41,-1.24,0.1,0.39,3.3,3.48,-0.08,0,0.14,-1.76,-1.73,-5.58
GAGCG,5.02,-1.32,-1.89,-1.98,31.47,36.68,-0.02,-0.69,0.35,1.02,-0.07,0.25,3.27,3.44,0.05,0,0.16,-1.72,-1.64,-5.41
GAGGC,4.85,-0.7,-2.42,-2.18,31.38,33.92,-0.02,-0.5,0.33,0.95,-0.07,0.26,3.3,3.43,0.08,0.02,0.13,-1.8,-1.88,-5.62
GAGGG,4.78,-0.03,-2.73,-2.62,31.33,33.87,-0.02,-1.62,0.81,3.06,-0.19,0.35,3.29,3.45,0.18,0.09,0.14,-1.8,-1.92,-5.55
GAGTC,4.53,-3.11,-2.44,-3.57,31.83,34.87,-0.02,0.29,-0.24,-0.01,0.03,0.4,3.38,3.46,-0.04,0.03,0.1,-1.8,-1.71,-5.82
GAGTG,4.78,-3.31,-1.98,-3.21,31.79,34.12,-0.02,-1.56,1.21,0.18,-0.17,0.33,3.35,3.41,0.14,-0.17,0.11,-1.77,-1.67,-5.66
GATAC,5.65,-8.06,-3.62,5.72,32.1,34.46,-0.02,-0.23,-0.01,2.21,-0.06,-0.77,3.21,3.31,0,0,-0.03,-1.49,-1.4,-7.1
GATAG,5.54,-8.88,-4.19,6.28,32.43,33.89,-0.01,0.26,0.11,-0.05,0.05,-0.36,3.25,3.36,0.04,-0.02,-0.08,-1.55,-1.5,-7.11
GATCC,4.63,-7.56,-4.63,-1.67,32.41,36.29,-0.02,0.25,-0.5,2.26,-0.04,-0.1,3.24,3.41,0.05,0.14,-0.16,-1.52,-1.59,-7.65
GATCG,4.96,-7.79,-4.15,-0.57,32.29,35.54,-0.02,0,0.07,0.36,-0.01,-0.61,3.23,3.31,-0.01,0.03,-0.11,-1.5,-1.5,-7.6
GATGC,5.38,-7.6,-4.24,3.67,31.96,34.59,-0.02,0.17,-0.85,1.39,-0.06,-0.48,3.23,3.36,0,0.2,-0.13,-1.48,-1.44,-7.24
GATGG,5.53,-7.48,-3.42,4.13,31.66,34.54,-0.02,0.21,-0.81,1.82,-0.04,-0.47,3.2,3.37,0.01,0.16,-0.15,-1.46,-1.47,-6.99
GATTG,4.81,-10.33,-4.28,-2.12,32.75,34.92,-0.03,-0.23,0.86,-0.98,-0.05,-1.49,3.28,3.15,-0.05,0.04,-0.05,-1.54,-1.2,-7.97
GCAAG,5.45,-9.9,4.47,-3.39,34.37,34.89,-0.03,-0.21,0.36,0.16,-0.01,-1.05,3.35,3.12,0.09,0.01,-0.24,-1.29,-1.21,-7.19
GCACG,5.74,-8.4,3.22,-2.27,34.75,33.78,-0.04,-0.46,0.24,-1.83,-0.05,-0.85,3.2,3.32,0.14,-0.13,0.02,-1.19,-1.45,-6.68
GCAGC,5.67,-6.76,3.55,-2.09,34.49,31.29,-0.03,0.52,-1.24,1.02,0.05,-0.7,3.28,3.27,-0.13,0.13,-0.05,-1.37,-1.67,-6.71
GCAGG,5.52,-5.92,2.96,-3.15,33.94,31.18,-0.02,0.03,-0.58,0.55,0.02,-0.52,3.25,3.31,-0.08,0.05,-0.02,-1.4,-1.78,-6.71
GCATG,5.5,-9.43,4.69,-3.87,34.82,31.54,-0.01,0.56,-0.03,-1.49,0.03,-0.36,3.42,3.24,-0.11,-0.03,-0.21,-1.45,-1.44,-6.8
GCCAG,5.43,-3.34,-1.52,2.79,33.53,34.28,-0.04,0.13,-0.63,0,-0.09,0.2,3.33,3.34,0.02,0.1,0.09,-1.74,-1.47,-5.19
GCCCG,4.95,-2.73,-1.71,-1.7,33.78,33.44,-0.04,0.01,0.09,-0.11,-0.06,0.23,3.37,3.36,0.01,0.02,0.05,-1.77,-1.78,-5.55
GCCGG,5.36,-3.58,-1.33,2.08,33.41,32.61,-0.04,-0.03,-0.15,0.24,0.06,0.28,3.33,3.34,-0.02,-0.02,0.03,-1.71,-1.62,-5.02
GCCTG,4.94,-1.28,-1.61,-2.26,33.99,31.14,-0.03,1.01,-2.08,2.73,-0.22,0.18,3.42,3.29,0.07,0.21,0.14,-1.85,-1.75,-5.63
GCGAG,5.46,-6.31,4.38,-1.17,32.59,35.13,-0.03,0.06,0.06,-0.42,-0.06,0.37,3.39,3.25,-0.02,-0.03,-0.05,-1.58,-1.48,-5.13
GCGCG,5.54,-4.22,3.12,-1.15,32.44,35.7,-0.03,0.1,-0.08,-0.31,-0.09,0.4,3.31,3.39,0.01,0,0.04,-1.57,-1.55,-4.81
GCGGC,5.37,-3.73,2.78,-1.31,32.46,33.44,-0.04,0.17,-0.07,-0.06,0.05,0.28,3.33,3.34,0.01,-0.02,0.05,-1.61,-1.72,-5.1
GCGGG,5.3,-2.75,2.34,-1.73,32.3,33.41,-0.03,0.15,0,-0.26,0.04,0.31,3.3,3.36,0,-0.02,0.08,-1.6,-1.78,-5.14
GCGTG,5.25,-7.98,4.71,-2.23,33.34,33.73,-0.02,0.16,0.17,-1.91,-0.08,0.57,3.45,3.32,-0.02,-0.09,-0.03,-1.62,-1.45,-5.03
GCTAG,5.67,-6.54,-2.24,4.03,31.36,34.66,-0.03,-0.18,0.02,-0.4,0.01,-0.88,3.23,3.29,0.02,-0.02,0,-1.7,-1.46,-6.87
GCTCG,5.2,-6.78,-2.22,-1.22,31.41,35.31,-0.03,-0.57,0.07,-0.03,0.02,-0.64,3.28,3.25,0.04,-0.04,-0.04,-1.73,-1.47,-7.17
GCTGG,5.53,-5.87,-2.45,2.75,30.94,34.09,-0.03,-1.69,1.26,-0.96,0.08,-0.47,3.28,3.32,0.19,-0.22,-0.09,-1.72,-1.49,-6.56
GCTTG,4.94,-8.63,-2.39,-3.44,32.11,34.57,-0.03,-0.18,-0.22,0.59,0.01,-1.23,3.37,3.1,0.02,-0.01,0.03,-1.77,-1.23,-7.56
GGAAG,4.63,-9.44,-0.61,-3.81,35.39,35.02,-0.03,-1.08,1.29,0.9,-0.05,-0.52,3.42,3.13,0.2,0.03,-0.29,-1.52,-1.26,-7.65
GGACC,4.8,-7.55,-2.12,-3.32,35.8,34.71,-0.02,0.06,-0.07,-0.19,0,-0.05,3.25,3.39,0,-0.02,-0.03,-1.44,-1.59,-7.46
GGACG,5.02,-8.11,-1.8,-2.49,36.13,34.01,-0.02,0.11,-0.17,0.72,0.02,-0.3,3.23,3.33,-0.02,0.03,-0.01,-1.38,-1.51,-7.29
GGAGC,5.05,-6.07,-1.59,-2.75,35.75,31.38,-0.02,-0.24,0.63,-0.22,-0.02,-0.25,3.3,3.26,0.04,-0.06,-0.07,-1.54,-1.73,-7.34
GGAGG,4.93,-5.75,-1.91,-3.27,35.57,31.42,-0.01,-0.11,0.14,-0.08,0,0.11,3.27,3.32,-0.01,0,-0.05,-1.54,-1.81,-7.22
GGATG,4.84,-7.65,-1.14,-4.71,36.16,32.03,-0.02,0.11,0.04,0.01,0.01,-0.4,3.35,3.22,0,0.01,-0.12,-1.53,-1.5,-7.69
GGCAG,5.41,-3.2,-1.34,3.38,36.22,33.75,-0.03,-0.2,0.1,-0.62,0.03,0.33,3.39,3.31,-0.04,-0.02,0.09,-1.6,-1.47,-5.08
GGCCG,4.96,-2.72,-2,-1.3,36.85,33.23,-0.04,0,-0.1,-0.25,0.12,0.32,3.41,3.33,-0.01,-0.04,0.06,-1.6,-1.74,-5.37
GGCGC,5.41,-3.39,-1.71,2.85,36.24,32.32,-0.03,0.03,0.16,-0.27,0.16,0.39,3.39,3.31,-0.02,0,0.06,-1.57,-1.58,-5.12
GGCGG,5.29,-3.13,-2.02,1.79,36.31,32.31,-0.03,0.11,-0.24,0.17,0.15,0.42,3.39,3.33,-0.01,0,0.04,-1.58,-1.63,-5.09
GGCTG,4.95,-1.2,-2.29,-2.64,37.17,31.16,-0.02,0.35,-0.63,1.09,-0.08,0.27,3.46,3.28,0.01,0.07,0.16,-1.68,-1.71,-5.43
GGGAG,4.85,-4.6,-1,-1.87,33.49,35.58,-0.05,0.48,0.21,-0.67,-0.12,0.37,3.47,3.29,0.02,-0.07,-0.09,-1.88,-1.56,-5.23
GGGCC,4.77,-1.93,-2.36,-2.4,33.57,36.61,-0.04,-0.09,0,0.15,0.01,0.41,3.39,3.41,0,-0.01,0.02,-1.82,-1.63,-5.45
GGGCG,4.96,-2.89,-1.63,-1.66,33.85,36.18,-0.04,0.36,0.07,-0.22,-0.24,0.32,3.36,3.39,0.06,-0.02,0.05,-1.76,-1.57,-5.14
GGGGC,4.82,-2.13,-2.02,-1.96,33.56,33.68,-0.05,0.14,0.1,0,-0.09,0.3,3.39,3.36,0.03,0.01,0.01,-1.86,-1.8,-5.39
GGGGG,4.75,-1.03,-2.24,-2.41,33.25,33.41,-0.04,0,-0.01,-0.11,0.01,0.43,3.39,3.4,-0.01,0.01,0.01,-1.9,-1.88,-5.25
GGGTG,4.77,-5.89,-1.08,-2.99,34.41,34.14,-0.04,0.25,0.27,-0.54,-0.06,0.48,3.48,3.36,0.03,-0.04,-0.04,-1.86,-1.54,-5.32
GGTAG,5.55,-8.07,-2.63,4.24,34.52,34.3,-0.03,0.03,-0.13,-0.78,-0.02,-0.66,3.35,3.25,-0.06,0.01,0.03,-1.56,-1.4,-7.09
GGTCG,4.82,-8.09,-3.5,-2.17,34.74,35.73,-0.02,-0.11,-0.03,0.42,0.01,-0.43,3.38,3.2,0.03,-0.03,0.02,-1.57,-1.35,-7.74
GGTGC,5.56,-7.89,-2.69,2.97,34.16,34.26,-0.03,-0.11,0.19,0.88,0.02,-0.73,3.35,3.21,0.07,-0.06,0,-1.52,-1.27,-6.87
GGTGG,5.56,-7.11,-2.55,2.46,33.92,34.27,-0.03,0.57,-0.68,-1.36,-0.06,-0.64,3.33,3.23,-0.15,0.18,-0.01,-1.52,-1.33,-6.85
GGTTG,4.82,-4.14,-3.18,-2.06,35.52,31.89,-0.01,5.4,1.77,1.08,-0.05,-0.26,3.65,3.08,0.34,-0.22,0.08,-1.15,-1.34,-7.82
GTAAC,5.86,-10.83,5.89,-2.71,34.23,35.06,-0.02,0.33,-0.59,0.3,0.04,-1.14,3.29,3.08,-0.06,-0.06,-0.14,-1.28,-1.14,-7.05
GTAAG,5.62,-10.31,5.9,-3.24,34.34,34.87,-0.02,-0.04,0.02,-0.3,0,-1.14,3.32,3.1,0,-0.01,-0.17,-1.33,-1.26,-7.23
GTACC,5.84,-8.12,4.32,-2.37,34.23,34.34,-0.03,-0.01,0.25,-2.02,-0.08,-0.86,3.18,3.35,-0.01,-0.2,0.07,-1.32,-1.54,-6.84
GTACG,5.93,-8.84,4.68,-2.11,34.2,33.97,-0.03,0,-0.06,0.84,0.04,-0.84,3.18,3.32,0,0.09,0.07,-1.3,-1.5,-6.61
GTAGC,5.88,-6.96,4.45,-2.28,34.48,31.25,-0.03,0.01,-0.69,0.17,0.05,-0.94,3.23,3.25,0.01,0.11,0.04,-1.36,-1.71,-6.83
GTAGG,5.76,-6.19,4.46,-2.71,34.06,31.41,-0.03,-0.09,-0.41,0.26,0.03,-0.84,3.21,3.26,0,0.07,0.06,-1.38,-1.76,-6.82
GTATG,5.93,-8.42,6.01,-2.99,34.49,31.46,-0.02,-0.13,0.45,-2.86,0.07,-0.89,3.31,3.19,-0.02,-0.02,-0.03,-1.38,-1.45,-6.74
GTCAG,5.67,-6.43,-1.29,4.57,35.2,34.37,-0.04,-0.28,0.17,0.39,0.13,0.27,3.21,3.34,0.09,-0.11,0.02,-1.4,-1.38,-5.23
GTCCC,4.9,-5.28,-2.34,-0.93,35.97,33.99,-0.05,-0.09,-0.24,0.1,0.07,0.34,3.22,3.44,0.03,-0.01,-0.05,-1.41,-1.79,-5.5
GTCCG,5.08,-6.07,-1.73,-0.51,36.17,33.8,-0.05,0.04,0.17,-0.13,-0.05,0.25,3.22,3.41,-0.03,0.01,-0.03,-1.36,-1.7,-5.36
GTCGC,5.56,-6.9,-1.39,4.64,35.46,32.7,-0.04,0.07,0.07,-0.58,-0.15,0.34,3.2,3.36,-0.1,-0.07,-0.03,-1.36,-1.52,-5.06
GTCGG,5.54,-6.74,-1.52,3.41,35.42,32.81,-0.04,0.06,-0.46,0.92,0.14,0.35,3.18,3.36,0.12,0.05,-0.05,-1.34,-1.55,-5.11
GTCTG,5.22,-3.97,-1.52,-1.18,36.44,31.42,-0.04,0.94,-1.45,1.54,-0.16,0.1,3.28,3.3,-0.12,0.1,0.11,-1.41,-1.63,-5.38
GTGAC,6.01,-6.82,4.03,-1.42,34.6,35.33,-0.04,-0.41,0.13,-0.41,-0.11,0.26,3.26,3.18,0.09,-0.08,0.05,-1.17,-1.34,-5.13
GTGAG,5.8,-6.5,4.33,-0.77,34.48,34.92,-0.04,0.01,-0.13,0.33,0,0.25,3.3,3.28,0.03,0,0.02,-1.26,-1.51,-5.12
GTGCC,5.66,-3.41,3.05,-1.35,34.22,36.31,-0.04,0.2,-0.11,-0.07,0.06,0.21,3.21,3.38,-0.07,0,0.14,-1.29,-1.54,-5.18
GTGCG,5.88,-4.13,3.27,-0.64,34.69,35.54,-0.04,-0.42,0.21,0.04,-0.1,0.16,3.2,3.36,0.12,0.01,0.15,-1.2,-1.48,-4.96
GTGGC,5.46,-4.03,3.09,-1.52,34.2,33.11,-0.04,0.62,-0.02,0.15,0.1,0.05,3.25,3.3,-0.11,-0.01,0.12,-1.33,-1.7,-5.23
GTGGG,5.41,-2.94,2.54,-1.85,34.09,33.55,-0.04,1.21,-0.26,-0.92,0.14,0.23,3.28,3.34,-0.16,-0.08,0.13,-1.4,-1.76,-5.13
GTGTG,5.73,-8.16,5.01,-1.37,35.12,33.35,-0.04,-1.01,1.11,-5.13,-0.27,0.35,3.31,3.3,0.32,-0.27,0.08,-1.21,-1.43,-5
GTTAG,5.8,-10.65,-2.89,5.73,35.18,34.54,-0.03,1.52,-1.22,-1.01,-0.1,-1.16,3.06,3.32,0.1,0.13,-0.15,-1.12,-1.31,-7.07
GTTCC,4.84,-9.91,-3.78,-1.77,35.48,36.02,-0.03,0.36,-0.43,0.35,-0.01,-0.73,3.09,3.36,0.03,0.05,-0.21,-1.13,-1.41,-7.81
GTTCG,5.1,-10.48,-3.31,-0.26,35.58,35.61,-0.02,-0.98,0.61,1.05,0.05,-1.08,3.1,3.3,-0.04,-0.16,-0.18,-1.13,-1.35,-7.64
GTTGC,5.7,-10.75,-2.98,4.66,35.02,34.8,-0.03,1.04,-1.06,-0.75,-0.05,-1.35,3.09,3.3,0.01,0.23,-0.2,-1.1,-1.13,-6.99
GTTGG,5.42,-9.8,-1.94,6.57,31.76,34.44,0.04,2.82,-3.02,6.01,-0.04,0.48,3.06,3.53,-0.19,0.41,-0.42,-1.33,-1.47,-7
GTTTG,4.95,-13.1,-3.27,-2.42,36.33,35.28,-0.03,1.25,1.25,-6.52,-0.12,-2.02,3.16,3.13,-0.06,0.18,-0.08,-1.12,-1.01,-8.27
TAAAA,4.89,-13.29,-2.46,-2.75,35.6,36.72,-0.02,-0.05,-0.24,1.62,0.04,-2.26,3.13,3.22,-0.04,-0.06,-0.11,-1.05,-1.05,-8.39
TAAAC,5.1,-13.54,-1.29,-2.84,35.72,36.4,-0.03,0.16,0.26,-1.16,-0.02,-1.99,3.14,3.15,0.03,0,-0.09,-0.99,-1.07,-7.85
TAAAG,4.7,-12.85,-1.56,-3.87,35.7,36.11,-0.03,-0.75,-1.5,5.31,0.13,-1.72,3.17,3.2,-0.18,0.12,-0.11,-1.07,-1.25,-8.13
TAACA,5.17,-11.35,-2.39,-2.47,35.32,34.78,-0.02,-0.13,-0.15,-0.98,0,-1.43,3.06,3.39,-0.06,-0.01,0.09,-1.09,-1.52,-7.45
TAACC,4.87,-10.83,-3.03,-3.26,35.08,35.3,-0.02,-0.07,-0.07,0.55,0.01,-1.12,3.08,3.44,-0.02,0.02,0.07,-1.15,-1.59,-7.76
TAACG,5.15,-11.31,-2.63,-2.83,35.27,34.89,-0.02,-0.48,0.13,2.84,0.05,-1.24,3.05,3.38,-0.06,0.14,0.1,-1.09,-1.51,-7.51
TAAGA,4.93,-8.51,-3.37,-2.51,34.89,32.43,-0.02,-0.95,-0.99,3.28,0.07,-1.05,3.1,3.43,0.01,0.14,0.06,-1.28,-1.79,-7.75
TAAGC,5.01,-8.92,-2.87,-2.56,34.85,32.17,-0.03,-1.46,-1.65,4.8,0.11,-1.23,3.11,3.38,-0.06,0.26,0.05,-1.26,-1.77,-7.49
TAAGG,4.81,-8.13,-3.71,-4.02,34.66,32.34,-0.01,0.01,0.07,-0.3,0,-0.98,3.07,3.41,0.02,-0.01,0.1,-1.27,-1.84,-7.66
TAATA,5.11,-9.98,-2.19,-3.92,35.37,32.48,-0.02,0.23,-0.03,-0.37,-0.01,-1.45,3.13,3.26,0.01,-0.01,0.02,-1.19,-1.53,-7.61
TAATC,4.81,-10.25,-2.32,-4.51,35.28,32.72,-0.02,0.4,-0.15,-0.59,-0.04,-1.36,3.15,3.28,0.04,-0.03,-0.03,-1.23,-1.53,-7.95
TAATG,4.9,-10.52,-2.15,-4.86,35.43,32.4,-0.02,-0.5,0.32,1.21,0.05,-1.43,3.14,3.28,-0.04,0.07,-0.02,-1.2,-1.51,-7.85
TACAA,5.89,-7.17,-1.49,5.8,33.4,35.27,-0.04,0.07,-0.39,-0.45,-0.04,0.28,3.28,3.39,-0.04,0.06,0.09,-1.47,-1.14,-5.23
TACAC,5.74,-6.58,-2.01,3.4,33.6,34.99,-0.04,-0.17,0.45,1.11,0.09,0.36,3.29,3.26,0.04,-0.11,0.13,-1.45,-1.21,-5.08
TACAG,5.41,-6.49,-1.95,3.96,33.82,34.82,-0.03,-0.16,0.32,1.09,0.1,0.46,3.3,3.34,0.09,-0.09,0.09,-1.49,-1.39,-5.31
TACCA,5.13,-5.96,-2.45,-0.68,34.38,34.3,-0.04,-0.34,-0.24,0.75,0.12,0.27,3.32,3.37,0.06,-0.05,0.07,-1.51,-1.69,-5.4
TACCC,4.71,-5.01,-3.44,-1.79,34.53,34.33,-0.03,0.02,0.01,-0.27,-0.02,0.52,3.34,3.45,-0.02,0,0.01,-1.56,-1.83,-5.5
TACCG,4.96,-5.99,-2.35,-0.83,34.43,34.27,-0.03,0.05,0.06,-0.7,-0.04,0.37,3.33,3.4,-0.04,0,0.04,-1.52,-1.71,-5.28
TACGA,5.61,-6.48,-1.92,4.91,33.57,33.73,-0.03,0.04,-0.01,0.54,0.03,0.53,3.28,3.41,0.02,-0.01,0.04,-1.47,-1.5,-4.99
TACGC,5.32,-7.22,-2.07,4.31,33.93,33.14,-0.03,0.04,0.05,-0.11,0,0.56,3.3,3.43,0,0.01,0,-1.49,-1.62,-5.03
TACGG,5.33,-6.7,-2.19,2.74,33.73,33.27,-0.02,0.14,-0.51,2.57,0.13,0.54,3.29,3.39,0.14,0.02,0.01,-1.46,-1.59,-5.15
TACTC,4.69,-3.05,-3.67,-2.76,34.56,31.76,-0.02,-0.35,0.52,-0.18,0.07,0.32,3.42,3.34,0.07,-0.09,0.14,-1.69,-1.76,-5.63
TACTG,5.13,-4.2,-2.15,-1.74,34.47,31.52,-0.02,-0.27,0.57,-0.6,0.04,0.3,3.42,3.33,-0.01,-0.02,0.14,-1.64,-1.69,-5.36
TAGAA,5.33,-3.73,-1.4,-0.49,31.57,36.55,-0.04,0.68,-1.51,-2.05,0.13,0,3.27,3.39,-0.14,0.15,0.14,-1.64,-1.41,-5.52
TAGAC,5.32,-3.62,-1.45,-1.45,31.64,36.16,-0.03,0.02,-0.28,0.22,-0.01,0.11,3.27,3.33,0.01,-0.03,0.13,-1.67,-1.5,-5.33
TAGAG,5.41,-3.22,-1.35,-0.44,31.4,35.31,-0.03,0.33,-0.33,-0.46,0.06,0.19,3.29,3.38,-0.05,0.05,0.1,-1.72,-1.64,-5.27
TAGCA,5.36,-1.6,-2.09,-1.5,31.39,36.48,-0.02,-0.79,0.38,1.95,-0.11,0.17,3.22,3.43,0.11,0.01,0.2,-1.67,-1.64,-5.25
TAGCC,5,-1.22,-2.77,-2.39,31.35,37.31,-0.02,-1.44,1.1,4.28,-0.24,0.28,3.25,3.47,0.27,0.03,0.17,-1.71,-1.66,-5.49
TAGCG,5.22,-1.63,-2.2,-1.71,31.38,36.72,-0.02,0.03,0.07,0.19,0,0.22,3.23,3.44,0.01,0.01,0.18,-1.69,-1.62,-5.26
TAGGA,4.98,-1.39,-2.51,-0.97,31.66,34.64,-0.02,-0.84,0.82,2.18,-0.11,0.17,3.25,3.5,0.12,0.02,0.19,-1.74,-1.81,-5.67
TAGGC,4.97,-1.23,-2.47,-1.96,31.51,34.04,-0.03,-0.65,0.35,0.91,-0.08,0.19,3.27,3.44,0.06,0.02,0.16,-1.76,-1.86,-5.65
TAGGG,4.99,-0.56,-2.67,-2.27,31.16,34.12,-0.02,-0.81,0.66,2.83,-0.13,0.32,3.23,3.46,0.13,0.07,0.17,-1.76,-1.89,-5.42
TAGTA,5.33,-3.97,-1.21,-2.12,31.63,34.42,-0.03,0.62,-0.35,-0.03,0.06,0.25,3.26,3.37,-0.05,0.05,0.18,-1.67,-1.6,-5.28
TAGTC,5.08,-3.9,-1,-2.07,31.53,34.57,-0.02,1.61,-1.8,-0.18,0.21,0.32,3.3,3.41,-0.19,0.17,0.13,-1.72,-1.64,-5.5
TAGTG,5.11,-4.24,-1.38,-2.73,31.7,34.28,-0.03,0.11,-0.23,-0.01,0.02,0.28,3.3,3.42,-0.06,0.04,0.13,-1.73,-1.63,-5.23
TATAA,6.07,-7.14,-3.01,7.31,31.78,34.57,-0.02,0.11,-0.22,-0.68,0.02,-0.87,3.18,3.42,0.02,0.04,0.03,-1.49,-1.34,-6.76
TATAC,6.01,-7.88,-2.8,5.6,31.78,34.63,-0.02,-0.03,-0.1,0.59,-0.01,-0.7,3.19,3.3,0.01,0.01,0,-1.48,-1.36,-6.72
TATAG,5.79,-7.69,-3.1,5.66,31.96,34.63,-0.02,0.05,-0.06,1.24,-0.03,-0.67,3.19,3.33,0.01,0.01,-0.03,-1.5,-1.44,-6.87
TATCA,5.38,-7.32,-3.4,-1.13,31.94,35.75,-0.02,-0.13,0.24,-0.99,0.04,-0.68,3.19,3.3,0.02,-0.11,-0.05,-1.48,-1.5,-7.24
TATCC,4.98,-7.47,-4.17,-1.31,32.31,36.04,-0.01,0.08,-0.12,0.21,0,-0.29,3.22,3.36,0.02,0.01,-0.11,-1.52,-1.55,-7.48
TATCG,5.32,-7.63,-3.35,-0.47,31.89,35.68,-0.02,-0.06,0.03,-1.14,0.04,-0.73,3.2,3.29,0.03,-0.1,-0.06,-1.49,-1.47,-7.12
TATGA,5.84,-7,-3.24,4.95,31.46,35.1,-0.02,0.12,-0.1,0.54,-0.02,-0.78,3.19,3.37,-0.01,0.06,-0.06,-1.45,-1.33,-6.76
TATGC,5.76,-8.11,-2.97,5.2,31.62,34.78,-0.02,0.28,-0.67,1.25,-0.05,-0.68,3.2,3.37,-0.03,0.19,-0.12,-1.46,-1.39,-6.64
TATGG,5.88,-6.69,-2.84,3.24,31.26,34.97,-0.02,0.36,-0.7,1.4,-0.05,-0.6,3.17,3.32,-0.01,0.21,-0.07,-1.44,-1.4,-6.63
TATTC,4.51,-10.01,-4.85,-3.1,32.92,35.93,-0.02,0,-0.17,0.24,0.01,-1.21,3.28,3.17,0.04,-0.01,-0.03,-1.54,-1.19,-8.08
TATTG,5.02,-9.7,-3.9,-2.87,32.4,35.12,-0.03,-0.11,1.46,-1.74,-0.08,-1.5,3.25,3.13,-0.09,0.08,-0.01,-1.54,-1.18,-7.75
TCAAC,5.65,-10.22,5.39,-3.34,34.69,34.93,-0.03,-0.15,0.24,0.64,-0.01,-1.54,3.35,3.08,0.05,0.02,-0.18,-1.1,-1.12,-7.09
TCAAG,5.4,-9.98,5.51,-3.44,34.53,34.76,-0.03,-1.67,2.16,-0.06,-0.1,-1.46,3.42,3.12,0.46,-0.01,-0.24,-1.26,-1.23,-7.32
TCACC,5.4,-7.04,3.82,-3.21,34.15,34.04,-0.03,-0.16,0.12,0.34,-0.01,-0.59,3.31,3.35,0.03,-0.01,-0.02,-1.34,-1.56,-6.98
TCACG,5.71,-8.08,4.27,-2.49,34.66,33.8,-0.03,-0.33,0.23,-2.22,-0.05,-0.98,3.25,3.31,0.14,-0.14,0.03,-1.17,-1.45,-6.73
TCAGA,5.47,-6.32,4.43,-1.76,34.38,31.28,-0.03,-0.37,1.58,-0.32,-0.07,-0.72,3.38,3.31,0.2,-0.17,-0.05,-1.41,-1.68,-6.97
TCAGC,5.74,-6.36,4.93,-2,34.29,31.14,-0.04,0.22,-0.71,-0.02,0.03,-0.89,3.35,3.24,-0.08,0.07,-0.06,-1.38,-1.67,-6.7
TCAGG,5.47,-5.31,3.63,-3.12,34.07,30.94,-0.03,-0.41,0.82,0.2,-0.03,-0.68,3.34,3.26,0.09,-0.07,-0.03,-1.46,-1.76,-6.99
TCATC,5.08,-7.37,4.02,-4.68,34.64,32.03,-0.02,-0.12,0.04,0.39,-0.01,-0.35,3.47,3.22,0.03,0.01,-0.15,-1.52,-1.49,-7.57
TCATG,5.27,-9.26,5.91,-4.44,35,31.75,0,-0.8,0.04,2.59,-0.05,-0.39,3.48,3.24,0.18,0.06,-0.21,-1.43,-1.45,-6.82
TCCAC,5.58,-3.48,-0.49,2.75,33.75,34.34,-0.04,-1,1.37,-0.93,0.2,0.16,3.4,3.25,-0.07,-0.25,0.14,-1.73,-1.36,-5.25
TCCAG,5.31,-2.98,-0.76,2.8,33.74,33.98,-0.04,0.54,-1.02,0.47,-0.12,0.24,3.42,3.36,0.03,0.15,0.1,-1.79,-1.53,-5.28
TCCCC,4.76,-1.44,-1.23,-2.33,33.65,33.55,-0.04,0.24,0.01,0.06,-0.06,0.39,3.45,3.4,0.01,0.01,0.01,-1.85,-1.9,-5.29
TCCCG,4.95,-2.56,-0.91,-1.93,34.12,33.56,-0.04,-0.94,0.07,-1.9,0.28,0.18,3.42,3.33,-0.05,-0.13,0.09,-1.75,-1.73,-5.44
TCCGC,5.27,-3.15,-0.89,2.4,33.51,32.42,-0.04,0.02,-0.07,-0.26,0.01,0.27,3.41,3.3,-0.03,-0.02,0.08,-1.74,-1.6,-5.2
TCCGG,5.39,-3.19,-0.62,1.31,33.6,32.84,-0.04,0.13,-0.17,-0.31,0,0.26,3.4,3.34,-0.03,0.01,0.06,-1.7,-1.62,-4.9
TCCTC,4.8,-0.44,-1.37,-2.86,34.17,31.53,-0.02,-1.34,1.59,-3.3,0.19,0.28,3.5,3.29,-0.04,-0.19,0.16,-1.88,-1.79,-5.52
TCCTG,4.92,-0.9,-1.05,-2.79,34.22,31.21,-0.02,-1.04,1.42,-2.47,0.15,0.24,3.5,3.29,-0.05,-0.15,0.16,-1.89,-1.77,-5.52
TCGAC,5.64,-6.68,5.38,-1.63,33.06,35.51,-0.04,-0.07,-0.02,0.84,0.11,0.34,3.43,3.2,0.03,0.07,-0.04,-1.51,-1.36,-5.03
TCGAG,5.42,-6.72,5.47,-1.2,33.01,35.17,-0.03,0.28,0.52,-2.35,-0.13,0.48,3.49,3.3,0.04,-0.13,-0.09,-1.6,-1.54,-4.91
TCGCC,5.4,-2.99,3.27,-1.65,32.6,36.2,-0.03,0.15,-0.05,0.04,0.15,0.42,3.35,3.39,-0.05,-0.03,0.05,-1.56,-1.6,-5.06
TCGCG,5.42,-4.27,4.5,-1.33,32.65,35.66,-0.03,0.08,0.13,0.69,0.14,0.4,3.38,3.39,-0.05,0.01,0.03,-1.55,-1.56,-4.75
TCGGA,5.36,-3.04,3.14,-0.81,32.77,33.64,-0.04,-0.85,0.74,0.69,-0.25,0.23,3.33,3.4,0.1,0.07,0.08,-1.53,-1.73,-5.1
TCGGC,5.43,-3.4,3.91,-0.99,32.47,32.95,-0.04,-0.14,0.11,-0.15,-0.1,0.28,3.38,3.33,0.03,0.05,0.04,-1.61,-1.77,-5.23
TCGGG,5.22,-2.92,3.35,-1.75,32.86,33.58,-0.04,-1,0.31,0.73,-0.26,0.26,3.37,3.36,0.11,0.1,0.07,-1.55,-1.76,-5.22
TCGTC,5.16,-7.11,4.81,-2.39,33.65,34.18,-0.03,-0.03,-0.2,3.44,0.16,0.58,3.48,3.33,-0.03,0.17,-0.02,-1.59,-1.49,-5.3
TCGTG,5.29,-7.95,5.8,-2.18,33.99,33.77,-0.03,0.2,0.57,-5.92,-0.26,0.48,3.48,3.32,0.09,-0.29,-0.03,-1.52,-1.44,-5.22
TCTAC,5.76,-6.38,-2.44,4.12,30.99,34.42,-0.03,0.2,-0.08,-0.31,-0.02,-1.22,3.27,3.21,-0.11,-0.03,0.05,-1.66,-1.33,-6.72
TCTAG,5.84,-6.98,-1.22,5.27,31.57,34.35,-0.03,0.21,-0.06,-0.03,-0.01,-0.86,3.28,3.29,-0.05,-0.01,0,-1.69,-1.44,-6.63
TCTCC,4.92,-6.1,-2.23,-2.03,31.48,35.79,-0.02,-0.49,0.1,0.35,0.02,-0.04,3.33,3.3,0.06,-0.04,-0.07,-1.76,-1.54,-7.26
TCTCG,5.17,-6.8,-1.9,-1.21,31.51,35.18,-0.02,-0.86,0.02,0.99,0.04,-0.68,3.32,3.24,0.06,-0.06,-0.03,-1.72,-1.47,-7.13
TCTGC,5.75,-6.69,-1.2,4.1,31.17,33.98,-0.03,-0.27,0.16,-0.14,0.01,-0.65,3.3,3.33,0.02,-0.03,-0.07,-1.67,-1.43,-6.55
TCTGG,5.56,-6.09,-2.71,2.85,31.02,33.91,-0.02,2.2,-1.48,0.79,-0.11,-0.54,3.31,3.31,-0.27,0.31,-0.09,-1.72,-1.5,-6.68
TCTTC,4.52,-8.18,-2.28,-3.52,32.42,35.03,-0.02,0.41,0.24,-0.72,-0.02,-0.96,3.43,3.12,-0.03,0.02,0.05,-1.78,-1.26,-7.96
TCTTG,4.92,-9.12,-1.59,-3.37,32.47,34.77,-0.03,0.9,1.08,-3.17,-0.06,-1.34,3.41,3.1,-0.14,0.01,0.04,-1.74,-1.21,-7.69
TGAAC,5.35,-10.38,0.09,-2.98,35.12,35.57,-0.03,1.27,-1.38,1.71,0.08,-1.18,3.31,3.08,-0.25,-0.07,-0.18,-1.41,-1.11,-7.41
TGAAG,5.15,-10.24,0.22,-3.01,35.1,35.14,-0.03,1.93,-2.15,0.32,0.1,-1.14,3.36,3.14,-0.29,-0.03,-0.23,-1.48,-1.26,-7.47
TGACA,5.43,-8.28,-1.53,-2.49,35.3,34.2,-0.02,-0.12,0.08,-0.15,-0.01,-0.71,3.19,3.34,0.01,-0.03,0.05,-1.37,-1.52,-7.12
TGACC,4.94,-7.96,-2.01,-3.46,35.47,34.83,-0.02,0.11,-0.2,0.61,0.02,-0.39,3.22,3.39,-0.04,0.04,0.01,-1.41,-1.57,-7.65
TGACG,5.39,-8.47,-1.16,-2.4,35.16,34.29,-0.02,0.22,-0.13,1.95,0.05,-0.72,3.19,3.33,-0.11,0.13,0.03,-1.38,-1.49,-7.05
TGAGA,5.29,-6.62,-1.29,-2.02,35.17,31.77,-0.03,0.26,-0.56,0.8,0.04,-0.91,3.24,3.31,-0.04,0.09,-0.01,-1.49,-1.68,-7.09
TGAGC,5.4,-6.75,-0.9,-2.11,34.81,31.45,-0.03,0.4,-1.15,0.07,0.05,-0.72,3.26,3.27,-0.1,0.11,-0.04,-1.54,-1.73,-7.07
TGAGG,5.3,-6.36,-0.98,-2.49,34.61,31.54,-0.02,0.17,-0.25,0.25,0.01,-0.42,3.24,3.3,0,0.02,-0.02,-1.54,-1.79,-6.99
TGATC,4.77,-7.81,-1.37,-4.67,35.6,32.48,-0.02,0.25,0,-1.01,0.03,-0.46,3.34,3.24,-0.1,0,-0.11,-1.56,-1.51,-7.84
TGATG,5.22,-8.13,-0.46,-3.98,35.36,31.93,-0.02,0.26,0.11,-1,0.03,-0.83,3.31,3.22,-0.09,0,-0.1,-1.54,-1.47,-7.34
TGCAC,5.94,-3.74,-0.76,2.85,35.46,34.64,-0.04,-0.05,0.31,-0.31,0.05,0.18,3.36,3.19,-0.01,-0.04,0.17,-1.5,-1.2,-4.97
TGCAG,5.79,-3.68,-0.7,3.43,35.64,34.5,-0.04,0.16,0.52,0.34,0.1,0.26,3.37,3.28,0.03,-0.09,0.12,-1.53,-1.37,-5
TGCCC,5.02,-2.52,-1.81,-1.78,36.27,33.82,-0.04,-0.03,0.05,-0.05,-0.04,0.37,3.38,3.36,-0.01,0.01,0.05,-1.59,-1.79,-5.16
TGCCG,5.17,-3.11,-1.38,-1.26,36.2,33.58,-0.04,0.01,0.05,0.01,-0.04,0.27,3.38,3.33,0.01,0.02,0.08,-1.57,-1.7,-5.05
TGCGA,5.68,-3.81,-0.91,4.16,35.53,33.31,-0.04,0.5,0.32,0.74,0.25,0.28,3.36,3.34,0.01,-0.05,0.07,-1.51,-1.46,-4.84
TGCGC,5.71,-3.94,-0.67,3.54,35.52,32.79,-0.03,0.11,0.04,-0.04,0.06,0.3,3.36,3.29,0.01,0.02,0.08,-1.51,-1.51,-4.75
TGCGG,5.59,-4.13,-0.88,2.75,35.63,33.13,-0.03,0.73,-0.37,1.35,0.25,0.32,3.36,3.32,0.03,0.02,0.06,-1.47,-1.54,-4.82
TGCTC,5.1,-0.94,-2.29,-2.44,36.61,31.46,-0.01,0.22,-0.84,1.32,-0.09,0.24,3.44,3.25,-0.01,0.08,0.19,-1.66,-1.71,-5.61
TGCTG,5.27,-1.72,-1.51,-1.86,36.65,31.23,-0.02,0.35,-0.74,1.74,-0.08,0.15,3.43,3.24,0.02,0.08,0.19,-1.64,-1.64,-5.22
TGGAC,5.19,-5.78,-0.37,-2.08,33.79,36.11,-0.04,-0.04,0.09,0.47,0,0.23,3.38,3.25,0.02,0,0,-1.68,-1.41,-5.41
TGGAG,5.02,-5.45,-0.86,-1.81,33.85,35.8,-0.05,-0.19,-0.28,-0.06,0.06,0.27,3.44,3.27,-0.03,0.02,-0.05,-1.78,-1.5,-5.61
TGGCA,5.24,-2.98,-1.33,-1.81,33.34,36.44,-0.03,-0.12,-0.07,-0.9,0.11,0.21,3.3,3.39,-0.05,-0.01,0.11,-1.71,-1.58,-5.21
TGGCC,4.93,-2.54,-1.76,-2.42,33.23,37.04,-0.03,0.25,0.19,0.67,-0.14,0.35,3.33,3.42,0.05,0.03,0.06,-1.76,-1.62,-5.35
TGGCG,5.06,-2.98,-1.66,-1.9,33.36,36.34,-0.04,0.37,0.08,0.27,-0.19,0.32,3.34,3.4,0.07,-0.02,0.06,-1.75,-1.56,-5.16
TGGGA,4.93,-2.42,-1.55,-0.93,33.23,33.69,-0.04,0.23,0.52,0.26,-0.11,0.31,3.35,3.44,0.06,0.04,0.05,-1.83,-1.83,-5.54
TGGGC,4.96,-2.77,-2.07,-1.99,33.45,33.75,-0.04,0.1,0.1,0.3,-0.08,0.25,3.37,3.38,0.03,0.03,0.05,-1.78,-1.79,-5.57
TGGGG,4.89,-2.02,-1.74,-2.1,33.26,33.49,-0.04,-0.19,-0.16,-1.51,0.14,0.34,3.34,3.39,-0.08,-0.05,0.05,-1.82,-1.86,-5.39
TGGTC,4.84,-6.17,-0.69,-2.73,34.3,34.68,-0.04,-0.49,-0.61,1.83,0.16,0.33,3.42,3.37,-0.05,0.13,0.02,-1.75,-1.54,-5.62
TGGTG,4.84,-7,-0.68,-2.83,34.81,34.27,-0.04,0.03,0.25,-0.25,-0.03,0.28,3.44,3.35,0.02,-0.04,0,-1.73,-1.5,-5.36
TGTAC,6.2,-8,-1.75,4.26,33.68,34.52,-0.04,-0.17,-0.08,-0.08,0.04,-1.12,3.29,3.16,0.08,-0.01,0.12,-1.47,-1.26,-6.58
TGTAG,5.74,-8.6,-3.23,3.24,33.91,35.06,-0.02,0.43,0.07,-2.29,-0.13,-1.56,3.31,3.2,-0.31,0.06,0.09,-1.48,-1.29,-6.73
TGTCC,5.02,-7.71,-2.88,-2.2,34.09,36.22,-0.01,0.06,-0.03,-0.9,-0.01,-0.14,3.34,3.22,-0.04,0.01,0.02,-1.54,-1.37,-7.24
TGTCG,5.28,-8.25,-2.39,-1.7,34.23,35.73,-0.03,-0.03,-0.02,0.55,0.01,-0.77,3.33,3.18,0.03,-0.01,0.05,-1.5,-1.31,-7.15
TGTGA,5.84,-7.82,-2.33,3.97,33.59,34.48,-0.03,-0.01,-0.15,0.39,0,-0.92,3.31,3.26,-0.01,-0.02,0.04,-1.49,-1.18,-6.63
TGTGC,5.94,-8.3,-1.85,3.31,33.55,35.01,-0.04,0.15,-0.16,-0.95,-0.01,-0.96,3.32,3.18,-0.06,0.06,0.05,-1.45,-1.16,-6.5
TGTGG,5.8,-7.33,-1.82,2.59,33.07,34.79,-0.03,-0.34,0.63,0.93,0.05,-0.79,3.29,3.21,0.14,-0.14,0.03,-1.48,-1.27,-6.57
TGTTC,4.85,-10.91,-2.74,-3.14,34.81,35.68,-0.01,-0.09,-0.7,3.39,0.04,-0.99,3.39,3.09,0.14,-0.05,0.08,-1.55,-1.09,-7.98
TGTTG,5.24,-11.69,-2.5,-2.78,34.7,35.19,-0.03,0.23,1.34,-4.41,-0.08,-1.79,3.39,3.06,-0.23,0.07,0.11,-1.54,-1.07,-7.46
TTAAA,5.73,-10.7,5.72,-3,34.67,35.63,0,0.21,-0.15,-0.06,0.03,-1.68,3.37,3.13,-0.02,-0.06,-0.16,-1.09,-1.05,-7.41
TTAAC,5.85,-10.44,7.53,-2.86,34.36,35.05,-0.02,-0.22,-0.96,-0.49,0.07,-1.18,3.42,3.07,-0.02,-0.09,-0.14,-1.22,-1.14,-7.16
TTAAG,5.58,-9.57,6.23,-3.71,34.81,34.68,-0.02,0.06,-0.43,-0.38,0.02,-1.25,3.42,3.1,0.03,-0.07,-0.15,-1.27,-1.29,-7.24
TTACA,5.99,-7.55,6.03,-2.1,34.6,33.74,-0.03,-0.28,-0.08,-0.09,0.02,-1.07,3.32,3.29,0.01,0.02,0.12,-1.29,-1.5,-6.87
TTACC,5.43,-7.21,5.01,-3.71,34.64,34.56,-0.02,0.12,-0.06,-0.37,-0.01,-0.86,3.33,3.34,-0.01,-0.03,0.08,-1.34,-1.56,-7.44
TTACG,6.11,-7.71,6.35,-1.95,34.26,33.58,-0.03,0.1,0.06,-0.04,-0.01,-0.99,3.29,3.29,-0.01,-0.02,0.1,-1.25,-1.48,-6.77
TTAGA,6,-6.61,6.26,-1.11,34.4,31.27,-0.03,-0.78,-0.95,-0.83,0.07,-1.21,3.34,3.26,0.05,0.1,0.03,-1.32,-1.67,-6.73
TTAGC,5.82,-6.12,5.63,-2.69,34.68,31.43,-0.03,-0.57,-0.52,-0.18,0.05,-1.05,3.35,3.23,0.06,0.1,0.05,-1.36,-1.7,-6.93
TTAGG,5.96,-5.77,5.87,-2.83,34.35,31.45,-0.03,-1.45,-1.67,0.03,0.1,-1.06,3.31,3.2,0.15,0.26,0.07,-1.3,-1.71,-6.85
TTATC,5.89,-7.66,7.32,-3.54,34.59,31.94,-0.02,0.3,-0.02,1.09,-0.03,-0.82,3.43,3.2,-0.04,0.03,-0.02,-1.35,-1.49,-7.18
TTATG,6.02,-8.06,7.92,-3.28,34.54,31.48,-0.02,-0.27,0.14,-1.12,0.02,-1,3.43,3.19,0.04,-0.01,-0.01,-1.33,-1.45,-6.88
TTCAC,5.94,-6.21,0.69,4.07,34.8,34.78,-0.04,0.71,-0.34,-0.23,-0.11,0.16,3.34,3.23,-0.13,0.12,0.07,-1.44,-1.17,-5.32
TTCAG,5.93,-5.95,0.57,5.37,35.08,34.21,-0.04,-0.14,0.24,0.12,0,0.25,3.32,3.35,-0.02,-0.02,0.05,-1.42,-1.38,-5.01
TTCCA,4.97,-5.2,-0.69,-0.87,36.04,33.8,-0.04,0.43,0.19,0.06,-0.06,0.25,3.39,3.4,-0.06,0.01,-0.01,-1.48,-1.77,-5.75
TTCCC,4.73,-4.39,-0.97,-1.61,36.01,33.66,-0.05,0.85,0.31,-0.54,-0.13,0.37,3.39,3.46,-0.13,0,-0.06,-1.51,-1.87,-5.5
TTCCG,5.09,-5.36,-1.8,-1.46,35.82,34.24,-0.04,-0.36,0.18,-0.24,-0.04,0.19,3.35,3.42,-0.15,0.01,0,-1.4,-1.7,-5.73
TTCGA,5.75,-5.99,0.19,5.38,34.95,32.98,-0.04,-1.12,0.4,1.23,0.23,0.35,3.33,3.45,0.27,0.01,-0.03,-1.47,-1.58,-5.31
TTCGC,5.53,-6.08,-0.23,3.79,35.53,32.71,-0.04,1.38,0.14,-0.44,-0.25,0.3,3.33,3.34,-0.26,-0.08,-0.01,-1.39,-1.53,-5.38
TTCGG,5.38,-6.08,-0.53,2.76,35.61,32.67,-0.04,0.19,-0.18,-0.21,0,0.34,3.32,3.39,0.02,0.01,-0.03,-1.4,-1.59,-5.29
TTCTC,4.67,-2.4,-1.63,-2.79,36.61,31.51,-0.03,0.96,-0.62,1,-0.08,0.16,3.49,3.32,-0.09,0.05,0.12,-1.58,-1.75,-6.16
TTCTG,5.14,-3.52,-0.54,-1.9,36.46,31.59,-0.03,2.09,-1.88,2.81,-0.2,0.05,3.42,3.33,-0.26,0.18,0.13,-1.49,-1.67,-5.96
TTGAA,6,-5.98,5.46,0.18,34.59,34.8,-0.04,-1.95,1.76,-0.07,-0.23,0.21,3.33,3.34,0.36,-0.25,0.06,-1.09,-1.46,-5.63
TTGAC,5.91,-7.07,6.83,-0.77,34.61,34.78,-0.04,-0.84,0.27,-1.03,-0.11,0.19,3.43,3.2,0.15,-0.08,0.02,-1.2,-1.43,-5.27
TTGAG,5.9,-6.36,5.89,-0.68,34.65,34.56,-0.04,-1.87,0.8,-2.26,-0.27,0.2,3.38,3.26,0.46,-0.18,0.01,-1.13,-1.54,-5.39
TTGCA,5.78,-3.8,4.6,-1.25,34.61,35.49,-0.04,-0.38,-0.06,-0.6,-0.04,0.2,3.34,3.36,0.09,-0.01,0.14,-1.23,-1.54,-5.27
TTGCC,5.3,-3.14,3.97,-2.26,34.5,36.34,-0.03,-0.85,-0.02,-0.57,-0.09,0.24,3.4,3.39,0.17,-0.01,0.1,-1.36,-1.6,-5.51
TTGCG,5.81,-4.14,4.82,-0.77,34.85,35.42,-0.04,-0.76,0.16,-0.35,-0.09,0.18,3.35,3.36,0.15,0,0.11,-1.21,-1.51,-5.2
TTGGA,5.42,-2.74,2.7,-1.03,34.57,33.66,-0.04,-2.55,1.2,0.67,-0.26,0.16,3.34,3.41,0.5,0.05,0.13,-1.29,-1.74,-5.65
TTGGC,5.56,-3.85,4.45,-1.23,34.72,33,-0.05,-1.28,0.14,-0.71,-0.13,0.1,3.4,3.3,0.25,0.04,0.09,-1.33,-1.75,-5.24
TTGGG,5.44,-3.45,6.64,-0.64,34.28,32.76,-0.05,-2.75,0.58,-0.64,-0.22,0.2,3.54,3.33,0.35,0.1,0.04,-1.51,-1.86,-5.39
TTGTC,5.57,-7.48,6.28,-1.95,34.98,33.76,-0.04,0.39,-0.2,1.3,0.05,0.32,3.42,3.32,-0.12,0.03,0.05,-1.19,-1.5,-5.56
TTGTG,5.2,-8.23,6.07,-2.4,35.72,33.59,-0.03,1.12,-0.56,3.16,0.15,0.42,3.49,3.31,-0.28,0.19,0.03,-1.29,-1.46,-5.43
TTTAC,5.91,-11.89,-0.99,6.47,35.53,34.25,-0.02,0.09,-0.11,-0.06,-0.01,-1.2,3.17,3.3,0.02,0.02,-0.18,-1.06,-1.24,-7.24
TTTAG,5.82,-11.18,-1.41,6.08,35.72,34.35,-0.02,0.82,-1.04,-0.76,-0.06,-1.01,3.15,3.36,0.26,0.1,-0.2,-1.03,-1.33,-6.93
TTTCA,5.4,-10.81,-1.64,0.49,35.9,34.89,-0.03,0.34,-0.44,-0.85,-0.02,-1.24,3.16,3.33,0.06,0.06,-0.22,-1.03,-1.44,-7.56
TTTCC,4.63,-10.09,-3.36,-1.41,35.97,36.46,-0.03,0.08,-0.17,-0.14,-0.01,-0.69,3.17,3.39,0.04,0.02,-0.26,-1.07,-1.44,-8.22
TTTCG,4.98,-10.58,-2.61,-0.38,35.88,35.62,-0.03,-0.93,1.24,0.63,0.08,-1.21,3.18,3.32,-0.17,-0.23,-0.22,-1.09,-1.38,-8.32
TTTGA,5.6,-10.28,-2.67,5.24,35.3,34.64,-0.03,1.33,-1.88,-1.02,-0.09,-1.59,3.14,3.39,0.16,0.42,-0.22,-1.04,-1.16,-7.57
TTTGC,5.41,-10.88,-3.68,3.96,35.29,34.35,-0.03,-1.01,1.5,1.62,0.08,-1.71,3.13,3.37,-0.04,-0.42,-0.24,-1.08,-1.24,-7.8
TTTGG,5.42,-9.32,-3.1,2.51,35.2,34.57,-0.03,1.52,-2.58,0.22,-0.09,-1.26,3.11,3.35,0.22,0.51,-0.23,-1.04,-1.3,-7.64
TTTTC,4.35,-13.16,-4.32,-3.67,37,36.32,-0.01,0.51,0.49,-2.45,-0.07,-2.28,3.23,3.17,0.04,0.16,-0.16,-1.05,-1.02,-9.65
TTTTG,4.76,-13.79,-2.76,-2.19,36.92,35.51,-0.03,0.2,0.22,-1.47,-0.03,-2.39,3.23,3.15,0.02,0.03,-0.11,-1.07,-1.01,-8.76
,,,,,,,,,,,,,,,,,,,,
avg,5.072128906,-6.791621094,-0.613789063,-0.782109375,34.41109375,34.24099609,-0.027890625,0.003808594,-0.020175781,0.096582031,-0.009238281,-0.240488281,3.343710938,3.340585938,0.009921875,0.007011719,-0.012773438,-1.512070313,-1.539667969,-6.504941406
min,2.85,-16.51,-6.49,-8.57,30.94,30.94,-0.05,-3,-3.02,-9.26,-0.3,-3.71,3.05,3.06,-0.41,-0.42,-0.42,-1.95,-1.94,-13.59
max,6.2,-0.03,8.32,8.64,37.74,38.05,0.04,5.4,2.16,7.66,0.28,1.06,3.69,3.74,0.5,0.51,0.2,-0.97,-0.99,-4.74
